From File,To File,References,From Entities,To Entities
"/Users/andreseidenglanz/code/seminar/MediaStore3/Implementation/mediastore.basic/src/edu/kit/ipd/sdq/mediastore/basic/BaseEJB.java","/Users/andreseidenglanz/code/seminar/MediaStore3/Implementation/mediastore.basic/src/edu/kit/ipd/sdq/mediastore/basic/config/Config.java",5,2,4
"/Users/andreseidenglanz/code/seminar/MediaStore3/Implementation/mediastore.basic/src/edu/kit/ipd/sdq/mediastore/basic/BaseEJB.java","/Users/andreseidenglanz/code/seminar/MediaStore3/Implementation/mediastore.basic/src/edu/kit/ipd/sdq/mediastore/basic/config/EJB.java",8,3,5
"/Users/andreseidenglanz/code/seminar/MediaStore3/Implementation/mediastore.basic/src/edu/kit/ipd/sdq/mediastore/basic/BaseEJB.java","/Users/andreseidenglanz/code/seminar/MediaStore3/Implementation/mediastore.basic/src/edu/kit/ipd/sdq/mediastore/basic/config/InterfaceDetails.java",9,4,5
"/Users/andreseidenglanz/code/seminar/MediaStore3/Implementation/mediastore.basic/src/edu/kit/ipd/sdq/mediastore/basic/BaseEJB.java","/Users/andreseidenglanz/code/seminar/MediaStore3/Implementation/mediastore.basic/src/edu/kit/ipd/sdq/mediastore/basic/config/ProvidedInterface.java",6,2,3
"/Users/andreseidenglanz/code/seminar/MediaStore3/Implementation/mediastore.basic/src/edu/kit/ipd/sdq/mediastore/basic/BaseEJB.java","/Users/andreseidenglanz/code/seminar/MediaStore3/Implementation/mediastore.basic/src/edu/kit/ipd/sdq/mediastore/basic/config/RequiredInterface.java",2,2,2
"/Users/andreseidenglanz/code/seminar/MediaStore3/Implementation/mediastore.basic/src/edu/kit/ipd/sdq/mediastore/basic/BaseEJB.java","/Users/andreseidenglanz/code/seminar/MediaStore3/Implementation/mediastore.basic/src/edu/kit/ipd/sdq/mediastore/basic/interfaces/IBusinessInterface.java",2,2,1
"/Users/andreseidenglanz/code/seminar/MediaStore3/Implementation/mediastore.basic/src/edu/kit/ipd/sdq/mediastore/basic/BaseEJB.java","/Users/andreseidenglanz/code/seminar/MediaStore3/Implementation/mediastore.basic/src/edu/kit/ipd/sdq/mediastore/basic/utils/JNDIUtil.java",2,2,2
"/Users/andreseidenglanz/code/seminar/MediaStore3/Implementation/mediastore.basic/src/edu/kit/ipd/sdq/mediastore/basic/config/Config.java","/Users/andreseidenglanz/code/seminar/MediaStore3/Implementation/mediastore.basic/src/edu/kit/ipd/sdq/mediastore/basic/config/EJB.java",3,3,1
"/Users/andreseidenglanz/code/seminar/MediaStore3/Implementation/mediastore.basic/src/edu/kit/ipd/sdq/mediastore/basic/config/EJB.java","/Users/andreseidenglanz/code/seminar/MediaStore3/Implementation/mediastore.basic/src/edu/kit/ipd/sdq/mediastore/basic/config/ProvidedInterface.java",4,4,2
"/Users/andreseidenglanz/code/seminar/MediaStore3/Implementation/mediastore.basic/src/edu/kit/ipd/sdq/mediastore/basic/config/EJB.java","/Users/andreseidenglanz/code/seminar/MediaStore3/Implementation/mediastore.basic/src/edu/kit/ipd/sdq/mediastore/basic/config/RequiredInterface.java",4,4,2
"/Users/andreseidenglanz/code/seminar/MediaStore3/Implementation/mediastore.basic/src/edu/kit/ipd/sdq/mediastore/basic/config/InterfaceDetails.java","/Users/andreseidenglanz/code/seminar/MediaStore3/Implementation/mediastore.basic/src/edu/kit/ipd/sdq/mediastore/basic/config/EJB.java",2,2,1
"/Users/andreseidenglanz/code/seminar/MediaStore3/Implementation/mediastore.basic/src/edu/kit/ipd/sdq/mediastore/basic/config/InterfaceDetails.java","/Users/andreseidenglanz/code/seminar/MediaStore3/Implementation/mediastore.basic/src/edu/kit/ipd/sdq/mediastore/basic/config/ProvidedInterface.java",2,2,1
"/Users/andreseidenglanz/code/seminar/MediaStore3/Implementation/mediastore.basic/src/edu/kit/ipd/sdq/mediastore/basic/config/InterfaceDetails.java","/Users/andreseidenglanz/code/seminar/MediaStore3/Implementation/mediastore.basic/src/edu/kit/ipd/sdq/mediastore/basic/interfaces/IBusinessInterface.java",3,3,1
"/Users/andreseidenglanz/code/seminar/MediaStore3/Implementation/mediastore.basic/src/edu/kit/ipd/sdq/mediastore/basic/config/Main.java","/Users/andreseidenglanz/code/seminar/MediaStore3/Implementation/mediastore.basic/src/edu/kit/ipd/sdq/mediastore/basic/config/Config.java",2,1,2
"/Users/andreseidenglanz/code/seminar/MediaStore3/Implementation/mediastore.basic/src/edu/kit/ipd/sdq/mediastore/basic/config/Main.java","/Users/andreseidenglanz/code/seminar/MediaStore3/Implementation/mediastore.basic/src/edu/kit/ipd/sdq/mediastore/basic/config/EJB.java",58,1,5
"/Users/andreseidenglanz/code/seminar/MediaStore3/Implementation/mediastore.basic/src/edu/kit/ipd/sdq/mediastore/basic/config/Main.java","/Users/andreseidenglanz/code/seminar/MediaStore3/Implementation/mediastore.basic/src/edu/kit/ipd/sdq/mediastore/basic/config/ProvidedInterface.java",26,1,2
"/Users/andreseidenglanz/code/seminar/MediaStore3/Implementation/mediastore.basic/src/edu/kit/ipd/sdq/mediastore/basic/config/Main.java","/Users/andreseidenglanz/code/seminar/MediaStore3/Implementation/mediastore.basic/src/edu/kit/ipd/sdq/mediastore/basic/config/RequiredInterface.java",14,1,2
"/Users/andreseidenglanz/code/seminar/MediaStore3/Implementation/mediastore.basic/src/edu/kit/ipd/sdq/mediastore/basic/config/ProvidedInterface.java","/Users/andreseidenglanz/code/seminar/MediaStore3/Implementation/mediastore.basic/src/edu/kit/ipd/sdq/mediastore/basic/config/Config.java",1,1,1
"/Users/andreseidenglanz/code/seminar/MediaStore3/Implementation/mediastore.basic/src/edu/kit/ipd/sdq/mediastore/basic/config/ProvidedInterface.java","/Users/andreseidenglanz/code/seminar/MediaStore3/Implementation/mediastore.basic/src/edu/kit/ipd/sdq/mediastore/basic/config/EJB.java",1,1,1
"/Users/andreseidenglanz/code/seminar/MediaStore3/Implementation/mediastore.basic/src/edu/kit/ipd/sdq/mediastore/basic/config/RequiredInterface.java","/Users/andreseidenglanz/code/seminar/MediaStore3/Implementation/mediastore.basic/src/edu/kit/ipd/sdq/mediastore/basic/config/ProvidedInterface.java",3,3,2
"/Users/andreseidenglanz/code/seminar/MediaStore3/Implementation/mediastore.basic/src/edu/kit/ipd/sdq/mediastore/basic/data/AudioFile.java","/Users/andreseidenglanz/code/seminar/MediaStore3/Implementation/mediastore.basic/src/edu/kit/ipd/sdq/mediastore/basic/data/AudioFileInfo.java",21,20,19
"/Users/andreseidenglanz/code/seminar/MediaStore3/Implementation/mediastore.basic/src/edu/kit/ipd/sdq/mediastore/basic/data/AudioFile.java","/Users/andreseidenglanz/code/seminar/MediaStore3/Implementation/mediastore.basic/src/edu/kit/ipd/sdq/mediastore/basic/data/FileContent.java",2,2,1
"/Users/andreseidenglanz/code/seminar/MediaStore3/Implementation/mediastore.basic/src/edu/kit/ipd/sdq/mediastore/basic/data/FileContent.java","/Users/andreseidenglanz/code/seminar/MediaStore3/Implementation/mediastore.basic/src/edu/kit/ipd/sdq/mediastore/basic/data/FileContentLocal.java",5,1,3
"/Users/andreseidenglanz/code/seminar/MediaStore3/Implementation/mediastore.basic/src/edu/kit/ipd/sdq/mediastore/basic/data/FileContent.java","/Users/andreseidenglanz/code/seminar/MediaStore3/Implementation/mediastore.basic/src/edu/kit/ipd/sdq/mediastore/basic/data/FileContentRemote.java",4,1,3
"/Users/andreseidenglanz/code/seminar/MediaStore3/Implementation/mediastore.basic/src/edu/kit/ipd/sdq/mediastore/basic/data/FileContent.java","/Users/andreseidenglanz/code/seminar/MediaStore3/Implementation/mediastore.basic/src/edu/kit/ipd/sdq/mediastore/basic/utils/FSUtil.java",3,2,3
"/Users/andreseidenglanz/code/seminar/MediaStore3/Implementation/mediastore.basic/src/edu/kit/ipd/sdq/mediastore/basic/data/FileContentLocal.java","/Users/andreseidenglanz/code/seminar/MediaStore3/Implementation/mediastore.basic/src/edu/kit/ipd/sdq/mediastore/basic/data/FileContent.java",1,1,1
"/Users/andreseidenglanz/code/seminar/MediaStore3/Implementation/mediastore.basic/src/edu/kit/ipd/sdq/mediastore/basic/data/FileContentRemote.java","/Users/andreseidenglanz/code/seminar/MediaStore3/Implementation/mediastore.basic/src/edu/kit/ipd/sdq/mediastore/basic/data/FileContent.java",1,1,1
"/Users/andreseidenglanz/code/seminar/MediaStore3/Implementation/mediastore.basic/src/edu/kit/ipd/sdq/mediastore/basic/exceptions/BadLoginDataException.java","/Users/andreseidenglanz/code/seminar/MediaStore3/Implementation/mediastore.basic/src/edu/kit/ipd/sdq/mediastore/basic/exceptions/AppException.java",2,2,2
"/Users/andreseidenglanz/code/seminar/MediaStore3/Implementation/mediastore.basic/src/edu/kit/ipd/sdq/mediastore/basic/exceptions/ConversionException.java","/Users/andreseidenglanz/code/seminar/MediaStore3/Implementation/mediastore.basic/src/edu/kit/ipd/sdq/mediastore/basic/exceptions/AppException.java",2,2,2
"/Users/andreseidenglanz/code/seminar/MediaStore3/Implementation/mediastore.basic/src/edu/kit/ipd/sdq/mediastore/basic/exceptions/DbException.java","/Users/andreseidenglanz/code/seminar/MediaStore3/Implementation/mediastore.basic/src/edu/kit/ipd/sdq/mediastore/basic/exceptions/AppException.java",3,3,3
"/Users/andreseidenglanz/code/seminar/MediaStore3/Implementation/mediastore.basic/src/edu/kit/ipd/sdq/mediastore/basic/exceptions/FailedDownloadException.java","/Users/andreseidenglanz/code/seminar/MediaStore3/Implementation/mediastore.basic/src/edu/kit/ipd/sdq/mediastore/basic/exceptions/AppException.java",2,2,2
"/Users/andreseidenglanz/code/seminar/MediaStore3/Implementation/mediastore.basic/src/edu/kit/ipd/sdq/mediastore/basic/exceptions/FailedUploadException.java","/Users/andreseidenglanz/code/seminar/MediaStore3/Implementation/mediastore.basic/src/edu/kit/ipd/sdq/mediastore/basic/exceptions/AppException.java",2,2,2
"/Users/andreseidenglanz/code/seminar/MediaStore3/Implementation/mediastore.basic/src/edu/kit/ipd/sdq/mediastore/basic/exceptions/PropertiesException.java","/Users/andreseidenglanz/code/seminar/MediaStore3/Implementation/mediastore.basic/src/edu/kit/ipd/sdq/mediastore/basic/exceptions/AppException.java",3,3,3
"/Users/andreseidenglanz/code/seminar/MediaStore3/Implementation/mediastore.basic/src/edu/kit/ipd/sdq/mediastore/basic/exceptions/UnknownServerException.java","/Users/andreseidenglanz/code/seminar/MediaStore3/Implementation/mediastore.basic/src/edu/kit/ipd/sdq/mediastore/basic/exceptions/AppException.java",2,2,2
"/Users/andreseidenglanz/code/seminar/MediaStore3/Implementation/mediastore.basic/src/edu/kit/ipd/sdq/mediastore/basic/exceptions/UserAlreadyExistsException.java","/Users/andreseidenglanz/code/seminar/MediaStore3/Implementation/mediastore.basic/src/edu/kit/ipd/sdq/mediastore/basic/exceptions/DbException.java",2,2,2
"/Users/andreseidenglanz/code/seminar/MediaStore3/Implementation/mediastore.basic/src/edu/kit/ipd/sdq/mediastore/basic/interfaces/ICacheMaintenance.java","/Users/andreseidenglanz/code/seminar/MediaStore3/Implementation/mediastore.basic/src/edu/kit/ipd/sdq/mediastore/basic/interfaces/IBusinessInterface.java",1,1,1
"/Users/andreseidenglanz/code/seminar/MediaStore3/Implementation/mediastore.basic/src/edu/kit/ipd/sdq/mediastore/basic/interfaces/ICacheMaintenanceLocal.java","/Users/andreseidenglanz/code/seminar/MediaStore3/Implementation/mediastore.basic/src/edu/kit/ipd/sdq/mediastore/basic/interfaces/ICacheMaintenance.java",1,1,1
"/Users/andreseidenglanz/code/seminar/MediaStore3/Implementation/mediastore.basic/src/edu/kit/ipd/sdq/mediastore/basic/interfaces/ICacheMaintenanceRemote.java","/Users/andreseidenglanz/code/seminar/MediaStore3/Implementation/mediastore.basic/src/edu/kit/ipd/sdq/mediastore/basic/interfaces/ICacheMaintenance.java",1,1,1
"/Users/andreseidenglanz/code/seminar/MediaStore3/Implementation/mediastore.basic/src/edu/kit/ipd/sdq/mediastore/basic/interfaces/IDownload.java","/Users/andreseidenglanz/code/seminar/MediaStore3/Implementation/mediastore.basic/src/edu/kit/ipd/sdq/mediastore/basic/data/AudioFile.java",2,2,1
"/Users/andreseidenglanz/code/seminar/MediaStore3/Implementation/mediastore.basic/src/edu/kit/ipd/sdq/mediastore/basic/interfaces/IDownload.java","/Users/andreseidenglanz/code/seminar/MediaStore3/Implementation/mediastore.basic/src/edu/kit/ipd/sdq/mediastore/basic/exceptions/FailedDownloadException.java",2,2,1
"/Users/andreseidenglanz/code/seminar/MediaStore3/Implementation/mediastore.basic/src/edu/kit/ipd/sdq/mediastore/basic/interfaces/IDownload.java","/Users/andreseidenglanz/code/seminar/MediaStore3/Implementation/mediastore.basic/src/edu/kit/ipd/sdq/mediastore/basic/interfaces/IBusinessInterface.java",1,1,1
"/Users/andreseidenglanz/code/seminar/MediaStore3/Implementation/mediastore.basic/src/edu/kit/ipd/sdq/mediastore/basic/interfaces/IDownloadAudioWatermarking.java","/Users/andreseidenglanz/code/seminar/MediaStore3/Implementation/mediastore.basic/src/edu/kit/ipd/sdq/mediastore/basic/interfaces/IDownload.java",1,1,1
"/Users/andreseidenglanz/code/seminar/MediaStore3/Implementation/mediastore.basic/src/edu/kit/ipd/sdq/mediastore/basic/interfaces/IDownloadAudioWatermarkingLocal.java","/Users/andreseidenglanz/code/seminar/MediaStore3/Implementation/mediastore.basic/src/edu/kit/ipd/sdq/mediastore/basic/interfaces/IDownloadAudioWatermarking.java",1,1,1
"/Users/andreseidenglanz/code/seminar/MediaStore3/Implementation/mediastore.basic/src/edu/kit/ipd/sdq/mediastore/basic/interfaces/IDownloadAudioWatermarkingRemote.java","/Users/andreseidenglanz/code/seminar/MediaStore3/Implementation/mediastore.basic/src/edu/kit/ipd/sdq/mediastore/basic/interfaces/IDownloadAudioWatermarking.java",1,1,1
"/Users/andreseidenglanz/code/seminar/MediaStore3/Implementation/mediastore.basic/src/edu/kit/ipd/sdq/mediastore/basic/interfaces/IDownloadCache.java","/Users/andreseidenglanz/code/seminar/MediaStore3/Implementation/mediastore.basic/src/edu/kit/ipd/sdq/mediastore/basic/interfaces/IDownload.java",1,1,1
"/Users/andreseidenglanz/code/seminar/MediaStore3/Implementation/mediastore.basic/src/edu/kit/ipd/sdq/mediastore/basic/interfaces/IDownloadCacheLocal.java","/Users/andreseidenglanz/code/seminar/MediaStore3/Implementation/mediastore.basic/src/edu/kit/ipd/sdq/mediastore/basic/interfaces/IDownloadCache.java",1,1,1
"/Users/andreseidenglanz/code/seminar/MediaStore3/Implementation/mediastore.basic/src/edu/kit/ipd/sdq/mediastore/basic/interfaces/IDownloadCacheRemote.java","/Users/andreseidenglanz/code/seminar/MediaStore3/Implementation/mediastore.basic/src/edu/kit/ipd/sdq/mediastore/basic/interfaces/IDownloadCache.java",1,1,1
"/Users/andreseidenglanz/code/seminar/MediaStore3/Implementation/mediastore.basic/src/edu/kit/ipd/sdq/mediastore/basic/interfaces/IDownloadMediaAccess.java","/Users/andreseidenglanz/code/seminar/MediaStore3/Implementation/mediastore.basic/src/edu/kit/ipd/sdq/mediastore/basic/interfaces/IDownload.java",1,1,1
"/Users/andreseidenglanz/code/seminar/MediaStore3/Implementation/mediastore.basic/src/edu/kit/ipd/sdq/mediastore/basic/interfaces/IDownloadMediaAccessLocal.java","/Users/andreseidenglanz/code/seminar/MediaStore3/Implementation/mediastore.basic/src/edu/kit/ipd/sdq/mediastore/basic/interfaces/IDownloadMediaAccess.java",1,1,1
"/Users/andreseidenglanz/code/seminar/MediaStore3/Implementation/mediastore.basic/src/edu/kit/ipd/sdq/mediastore/basic/interfaces/IDownloadMediaAccessRemote.java","/Users/andreseidenglanz/code/seminar/MediaStore3/Implementation/mediastore.basic/src/edu/kit/ipd/sdq/mediastore/basic/interfaces/IDownloadMediaAccess.java",1,1,1
"/Users/andreseidenglanz/code/seminar/MediaStore3/Implementation/mediastore.basic/src/edu/kit/ipd/sdq/mediastore/basic/interfaces/IDownloadReEncoder.java","/Users/andreseidenglanz/code/seminar/MediaStore3/Implementation/mediastore.basic/src/edu/kit/ipd/sdq/mediastore/basic/interfaces/IDownload.java",1,1,1
"/Users/andreseidenglanz/code/seminar/MediaStore3/Implementation/mediastore.basic/src/edu/kit/ipd/sdq/mediastore/basic/interfaces/IDownloadReEncoderLocal.java","/Users/andreseidenglanz/code/seminar/MediaStore3/Implementation/mediastore.basic/src/edu/kit/ipd/sdq/mediastore/basic/interfaces/IDownloadReEncoder.java",1,1,1
"/Users/andreseidenglanz/code/seminar/MediaStore3/Implementation/mediastore.basic/src/edu/kit/ipd/sdq/mediastore/basic/interfaces/IDownloadReEncoderRemote.java","/Users/andreseidenglanz/code/seminar/MediaStore3/Implementation/mediastore.basic/src/edu/kit/ipd/sdq/mediastore/basic/interfaces/IDownloadReEncoder.java",1,1,1
"/Users/andreseidenglanz/code/seminar/MediaStore3/Implementation/mediastore.basic/src/edu/kit/ipd/sdq/mediastore/basic/interfaces/IDownloadTagWatermarking.java","/Users/andreseidenglanz/code/seminar/MediaStore3/Implementation/mediastore.basic/src/edu/kit/ipd/sdq/mediastore/basic/interfaces/IDownload.java",1,1,1
"/Users/andreseidenglanz/code/seminar/MediaStore3/Implementation/mediastore.basic/src/edu/kit/ipd/sdq/mediastore/basic/interfaces/IDownloadTagWatermarkingLocal.java","/Users/andreseidenglanz/code/seminar/MediaStore3/Implementation/mediastore.basic/src/edu/kit/ipd/sdq/mediastore/basic/interfaces/IDownloadTagWatermarking.java",1,1,1
"/Users/andreseidenglanz/code/seminar/MediaStore3/Implementation/mediastore.basic/src/edu/kit/ipd/sdq/mediastore/basic/interfaces/IDownloadTagWatermarkingRemote.java","/Users/andreseidenglanz/code/seminar/MediaStore3/Implementation/mediastore.basic/src/edu/kit/ipd/sdq/mediastore/basic/interfaces/IDownloadTagWatermarking.java",1,1,1
"/Users/andreseidenglanz/code/seminar/MediaStore3/Implementation/mediastore.basic/src/edu/kit/ipd/sdq/mediastore/basic/interfaces/IFacade.java","/Users/andreseidenglanz/code/seminar/MediaStore3/Implementation/mediastore.basic/src/edu/kit/ipd/sdq/mediastore/basic/data/AudioFile.java",1,1,1
"/Users/andreseidenglanz/code/seminar/MediaStore3/Implementation/mediastore.basic/src/edu/kit/ipd/sdq/mediastore/basic/interfaces/IFacade.java","/Users/andreseidenglanz/code/seminar/MediaStore3/Implementation/mediastore.basic/src/edu/kit/ipd/sdq/mediastore/basic/data/AudioFileInfo.java",2,2,1
"/Users/andreseidenglanz/code/seminar/MediaStore3/Implementation/mediastore.basic/src/edu/kit/ipd/sdq/mediastore/basic/interfaces/IFacade.java","/Users/andreseidenglanz/code/seminar/MediaStore3/Implementation/mediastore.basic/src/edu/kit/ipd/sdq/mediastore/basic/data/CurrentUser.java",2,2,1
"/Users/andreseidenglanz/code/seminar/MediaStore3/Implementation/mediastore.basic/src/edu/kit/ipd/sdq/mediastore/basic/interfaces/IFacade.java","/Users/andreseidenglanz/code/seminar/MediaStore3/Implementation/mediastore.basic/src/edu/kit/ipd/sdq/mediastore/basic/data/FileContent.java",2,2,1
"/Users/andreseidenglanz/code/seminar/MediaStore3/Implementation/mediastore.basic/src/edu/kit/ipd/sdq/mediastore/basic/interfaces/IFacade.java","/Users/andreseidenglanz/code/seminar/MediaStore3/Implementation/mediastore.basic/src/edu/kit/ipd/sdq/mediastore/basic/data/UserRegData.java",1,1,1
"/Users/andreseidenglanz/code/seminar/MediaStore3/Implementation/mediastore.basic/src/edu/kit/ipd/sdq/mediastore/basic/interfaces/IFacade.java","/Users/andreseidenglanz/code/seminar/MediaStore3/Implementation/mediastore.basic/src/edu/kit/ipd/sdq/mediastore/basic/exceptions/BadLoginDataException.java",2,2,1
"/Users/andreseidenglanz/code/seminar/MediaStore3/Implementation/mediastore.basic/src/edu/kit/ipd/sdq/mediastore/basic/interfaces/IFacade.java","/Users/andreseidenglanz/code/seminar/MediaStore3/Implementation/mediastore.basic/src/edu/kit/ipd/sdq/mediastore/basic/exceptions/FailedDownloadException.java",3,3,1
"/Users/andreseidenglanz/code/seminar/MediaStore3/Implementation/mediastore.basic/src/edu/kit/ipd/sdq/mediastore/basic/interfaces/IFacade.java","/Users/andreseidenglanz/code/seminar/MediaStore3/Implementation/mediastore.basic/src/edu/kit/ipd/sdq/mediastore/basic/exceptions/FailedUploadException.java",2,2,1
"/Users/andreseidenglanz/code/seminar/MediaStore3/Implementation/mediastore.basic/src/edu/kit/ipd/sdq/mediastore/basic/interfaces/IFacade.java","/Users/andreseidenglanz/code/seminar/MediaStore3/Implementation/mediastore.basic/src/edu/kit/ipd/sdq/mediastore/basic/exceptions/UserAlreadyExistsException.java",2,2,1
"/Users/andreseidenglanz/code/seminar/MediaStore3/Implementation/mediastore.basic/src/edu/kit/ipd/sdq/mediastore/basic/interfaces/IFacade.java","/Users/andreseidenglanz/code/seminar/MediaStore3/Implementation/mediastore.basic/src/edu/kit/ipd/sdq/mediastore/basic/interfaces/IBusinessInterface.java",1,1,1
"/Users/andreseidenglanz/code/seminar/MediaStore3/Implementation/mediastore.basic/src/edu/kit/ipd/sdq/mediastore/basic/interfaces/IFacadeLocal.java","/Users/andreseidenglanz/code/seminar/MediaStore3/Implementation/mediastore.basic/src/edu/kit/ipd/sdq/mediastore/basic/interfaces/IFacade.java",1,1,1
"/Users/andreseidenglanz/code/seminar/MediaStore3/Implementation/mediastore.basic/src/edu/kit/ipd/sdq/mediastore/basic/interfaces/IFacadeRemote.java","/Users/andreseidenglanz/code/seminar/MediaStore3/Implementation/mediastore.basic/src/edu/kit/ipd/sdq/mediastore/basic/interfaces/IFacade.java",1,1,1
"/Users/andreseidenglanz/code/seminar/MediaStore3/Implementation/mediastore.basic/src/edu/kit/ipd/sdq/mediastore/basic/interfaces/IMediaAccess.java","/Users/andreseidenglanz/code/seminar/MediaStore3/Implementation/mediastore.basic/src/edu/kit/ipd/sdq/mediastore/basic/data/AudioFile.java",1,1,1
"/Users/andreseidenglanz/code/seminar/MediaStore3/Implementation/mediastore.basic/src/edu/kit/ipd/sdq/mediastore/basic/interfaces/IMediaAccess.java","/Users/andreseidenglanz/code/seminar/MediaStore3/Implementation/mediastore.basic/src/edu/kit/ipd/sdq/mediastore/basic/data/AudioFileInfo.java",2,2,1
"/Users/andreseidenglanz/code/seminar/MediaStore3/Implementation/mediastore.basic/src/edu/kit/ipd/sdq/mediastore/basic/interfaces/IMediaAccess.java","/Users/andreseidenglanz/code/seminar/MediaStore3/Implementation/mediastore.basic/src/edu/kit/ipd/sdq/mediastore/basic/exceptions/FailedUploadException.java",2,2,1
"/Users/andreseidenglanz/code/seminar/MediaStore3/Implementation/mediastore.basic/src/edu/kit/ipd/sdq/mediastore/basic/interfaces/IMediaAccess.java","/Users/andreseidenglanz/code/seminar/MediaStore3/Implementation/mediastore.basic/src/edu/kit/ipd/sdq/mediastore/basic/interfaces/IBusinessInterface.java",1,1,1
"/Users/andreseidenglanz/code/seminar/MediaStore3/Implementation/mediastore.basic/src/edu/kit/ipd/sdq/mediastore/basic/interfaces/IMediaAccessLocal.java","/Users/andreseidenglanz/code/seminar/MediaStore3/Implementation/mediastore.basic/src/edu/kit/ipd/sdq/mediastore/basic/interfaces/IMediaAccess.java",1,1,1
"/Users/andreseidenglanz/code/seminar/MediaStore3/Implementation/mediastore.basic/src/edu/kit/ipd/sdq/mediastore/basic/interfaces/IMediaAccessMaintenance.java","/Users/andreseidenglanz/code/seminar/MediaStore3/Implementation/mediastore.basic/src/edu/kit/ipd/sdq/mediastore/basic/interfaces/IBusinessInterface.java",1,1,1
"/Users/andreseidenglanz/code/seminar/MediaStore3/Implementation/mediastore.basic/src/edu/kit/ipd/sdq/mediastore/basic/interfaces/IMediaAccessMaintenanceLocal.java","/Users/andreseidenglanz/code/seminar/MediaStore3/Implementation/mediastore.basic/src/edu/kit/ipd/sdq/mediastore/basic/interfaces/IMediaAccessMaintenance.java",1,1,1
"/Users/andreseidenglanz/code/seminar/MediaStore3/Implementation/mediastore.basic/src/edu/kit/ipd/sdq/mediastore/basic/interfaces/IMediaAccessMaintenanceRemote.java","/Users/andreseidenglanz/code/seminar/MediaStore3/Implementation/mediastore.basic/src/edu/kit/ipd/sdq/mediastore/basic/interfaces/IMediaAccessMaintenance.java",1,1,1
"/Users/andreseidenglanz/code/seminar/MediaStore3/Implementation/mediastore.basic/src/edu/kit/ipd/sdq/mediastore/basic/interfaces/IMediaAccessRemote.java","/Users/andreseidenglanz/code/seminar/MediaStore3/Implementation/mediastore.basic/src/edu/kit/ipd/sdq/mediastore/basic/interfaces/IMediaAccess.java",1,1,1
"/Users/andreseidenglanz/code/seminar/MediaStore3/Implementation/mediastore.basic/src/edu/kit/ipd/sdq/mediastore/basic/interfaces/IMediaManagement.java","/Users/andreseidenglanz/code/seminar/MediaStore3/Implementation/mediastore.basic/src/edu/kit/ipd/sdq/mediastore/basic/data/AudioFile.java",1,1,1
"/Users/andreseidenglanz/code/seminar/MediaStore3/Implementation/mediastore.basic/src/edu/kit/ipd/sdq/mediastore/basic/interfaces/IMediaManagement.java","/Users/andreseidenglanz/code/seminar/MediaStore3/Implementation/mediastore.basic/src/edu/kit/ipd/sdq/mediastore/basic/data/AudioFileInfo.java",2,2,1
"/Users/andreseidenglanz/code/seminar/MediaStore3/Implementation/mediastore.basic/src/edu/kit/ipd/sdq/mediastore/basic/interfaces/IMediaManagement.java","/Users/andreseidenglanz/code/seminar/MediaStore3/Implementation/mediastore.basic/src/edu/kit/ipd/sdq/mediastore/basic/data/FileContent.java",2,2,1
"/Users/andreseidenglanz/code/seminar/MediaStore3/Implementation/mediastore.basic/src/edu/kit/ipd/sdq/mediastore/basic/interfaces/IMediaManagement.java","/Users/andreseidenglanz/code/seminar/MediaStore3/Implementation/mediastore.basic/src/edu/kit/ipd/sdq/mediastore/basic/exceptions/FailedDownloadException.java",2,2,1
"/Users/andreseidenglanz/code/seminar/MediaStore3/Implementation/mediastore.basic/src/edu/kit/ipd/sdq/mediastore/basic/interfaces/IMediaManagement.java","/Users/andreseidenglanz/code/seminar/MediaStore3/Implementation/mediastore.basic/src/edu/kit/ipd/sdq/mediastore/basic/exceptions/FailedUploadException.java",2,2,1
"/Users/andreseidenglanz/code/seminar/MediaStore3/Implementation/mediastore.basic/src/edu/kit/ipd/sdq/mediastore/basic/interfaces/IMediaManagement.java","/Users/andreseidenglanz/code/seminar/MediaStore3/Implementation/mediastore.basic/src/edu/kit/ipd/sdq/mediastore/basic/interfaces/IBusinessInterface.java",1,1,1
"/Users/andreseidenglanz/code/seminar/MediaStore3/Implementation/mediastore.basic/src/edu/kit/ipd/sdq/mediastore/basic/interfaces/IMediaManagementLocal.java","/Users/andreseidenglanz/code/seminar/MediaStore3/Implementation/mediastore.basic/src/edu/kit/ipd/sdq/mediastore/basic/interfaces/IMediaManagement.java",1,1,1
"/Users/andreseidenglanz/code/seminar/MediaStore3/Implementation/mediastore.basic/src/edu/kit/ipd/sdq/mediastore/basic/interfaces/IMediaManagementRemote.java","/Users/andreseidenglanz/code/seminar/MediaStore3/Implementation/mediastore.basic/src/edu/kit/ipd/sdq/mediastore/basic/interfaces/IMediaManagement.java",1,1,1
"/Users/andreseidenglanz/code/seminar/MediaStore3/Implementation/mediastore.basic/src/edu/kit/ipd/sdq/mediastore/basic/interfaces/IPackaging.java","/Users/andreseidenglanz/code/seminar/MediaStore3/Implementation/mediastore.basic/src/edu/kit/ipd/sdq/mediastore/basic/data/AudioFile.java",1,1,1
"/Users/andreseidenglanz/code/seminar/MediaStore3/Implementation/mediastore.basic/src/edu/kit/ipd/sdq/mediastore/basic/interfaces/IPackaging.java","/Users/andreseidenglanz/code/seminar/MediaStore3/Implementation/mediastore.basic/src/edu/kit/ipd/sdq/mediastore/basic/data/FileContent.java",2,2,1
"/Users/andreseidenglanz/code/seminar/MediaStore3/Implementation/mediastore.basic/src/edu/kit/ipd/sdq/mediastore/basic/interfaces/IPackaging.java","/Users/andreseidenglanz/code/seminar/MediaStore3/Implementation/mediastore.basic/src/edu/kit/ipd/sdq/mediastore/basic/interfaces/IBusinessInterface.java",1,1,1
"/Users/andreseidenglanz/code/seminar/MediaStore3/Implementation/mediastore.basic/src/edu/kit/ipd/sdq/mediastore/basic/interfaces/IPackagingLocal.java","/Users/andreseidenglanz/code/seminar/MediaStore3/Implementation/mediastore.basic/src/edu/kit/ipd/sdq/mediastore/basic/interfaces/IPackaging.java",1,1,1
"/Users/andreseidenglanz/code/seminar/MediaStore3/Implementation/mediastore.basic/src/edu/kit/ipd/sdq/mediastore/basic/interfaces/IPackagingRemote.java","/Users/andreseidenglanz/code/seminar/MediaStore3/Implementation/mediastore.basic/src/edu/kit/ipd/sdq/mediastore/basic/interfaces/IPackaging.java",1,1,1
"/Users/andreseidenglanz/code/seminar/MediaStore3/Implementation/mediastore.basic/src/edu/kit/ipd/sdq/mediastore/basic/interfaces/IUserDBAdapter.java","/Users/andreseidenglanz/code/seminar/MediaStore3/Implementation/mediastore.basic/src/edu/kit/ipd/sdq/mediastore/basic/data/CurrentUser.java",2,2,1
"/Users/andreseidenglanz/code/seminar/MediaStore3/Implementation/mediastore.basic/src/edu/kit/ipd/sdq/mediastore/basic/interfaces/IUserDBAdapter.java","/Users/andreseidenglanz/code/seminar/MediaStore3/Implementation/mediastore.basic/src/edu/kit/ipd/sdq/mediastore/basic/data/UserRegData.java",1,1,1
"/Users/andreseidenglanz/code/seminar/MediaStore3/Implementation/mediastore.basic/src/edu/kit/ipd/sdq/mediastore/basic/interfaces/IUserDBAdapter.java","/Users/andreseidenglanz/code/seminar/MediaStore3/Implementation/mediastore.basic/src/edu/kit/ipd/sdq/mediastore/basic/exceptions/BadLoginDataException.java",2,2,1
"/Users/andreseidenglanz/code/seminar/MediaStore3/Implementation/mediastore.basic/src/edu/kit/ipd/sdq/mediastore/basic/interfaces/IUserDBAdapter.java","/Users/andreseidenglanz/code/seminar/MediaStore3/Implementation/mediastore.basic/src/edu/kit/ipd/sdq/mediastore/basic/exceptions/UserAlreadyExistsException.java",2,2,1
"/Users/andreseidenglanz/code/seminar/MediaStore3/Implementation/mediastore.basic/src/edu/kit/ipd/sdq/mediastore/basic/interfaces/IUserDBAdapter.java","/Users/andreseidenglanz/code/seminar/MediaStore3/Implementation/mediastore.basic/src/edu/kit/ipd/sdq/mediastore/basic/interfaces/IBusinessInterface.java",1,1,1
"/Users/andreseidenglanz/code/seminar/MediaStore3/Implementation/mediastore.basic/src/edu/kit/ipd/sdq/mediastore/basic/interfaces/IUserDBAdapterLocal.java","/Users/andreseidenglanz/code/seminar/MediaStore3/Implementation/mediastore.basic/src/edu/kit/ipd/sdq/mediastore/basic/interfaces/IUserDBAdapter.java",1,1,1
"/Users/andreseidenglanz/code/seminar/MediaStore3/Implementation/mediastore.basic/src/edu/kit/ipd/sdq/mediastore/basic/interfaces/IUserDBAdapterRemote.java","/Users/andreseidenglanz/code/seminar/MediaStore3/Implementation/mediastore.basic/src/edu/kit/ipd/sdq/mediastore/basic/interfaces/IUserDBAdapter.java",1,1,1
"/Users/andreseidenglanz/code/seminar/MediaStore3/Implementation/mediastore.basic/src/edu/kit/ipd/sdq/mediastore/basic/interfaces/IUserManagement.java","/Users/andreseidenglanz/code/seminar/MediaStore3/Implementation/mediastore.basic/src/edu/kit/ipd/sdq/mediastore/basic/data/CurrentUser.java",2,2,1
"/Users/andreseidenglanz/code/seminar/MediaStore3/Implementation/mediastore.basic/src/edu/kit/ipd/sdq/mediastore/basic/interfaces/IUserManagement.java","/Users/andreseidenglanz/code/seminar/MediaStore3/Implementation/mediastore.basic/src/edu/kit/ipd/sdq/mediastore/basic/data/UserRegData.java",1,1,1
"/Users/andreseidenglanz/code/seminar/MediaStore3/Implementation/mediastore.basic/src/edu/kit/ipd/sdq/mediastore/basic/interfaces/IUserManagement.java","/Users/andreseidenglanz/code/seminar/MediaStore3/Implementation/mediastore.basic/src/edu/kit/ipd/sdq/mediastore/basic/exceptions/BadLoginDataException.java",2,2,1
"/Users/andreseidenglanz/code/seminar/MediaStore3/Implementation/mediastore.basic/src/edu/kit/ipd/sdq/mediastore/basic/interfaces/IUserManagement.java","/Users/andreseidenglanz/code/seminar/MediaStore3/Implementation/mediastore.basic/src/edu/kit/ipd/sdq/mediastore/basic/exceptions/UserAlreadyExistsException.java",2,2,1
"/Users/andreseidenglanz/code/seminar/MediaStore3/Implementation/mediastore.basic/src/edu/kit/ipd/sdq/mediastore/basic/interfaces/IUserManagement.java","/Users/andreseidenglanz/code/seminar/MediaStore3/Implementation/mediastore.basic/src/edu/kit/ipd/sdq/mediastore/basic/interfaces/IBusinessInterface.java",1,1,1
"/Users/andreseidenglanz/code/seminar/MediaStore3/Implementation/mediastore.basic/src/edu/kit/ipd/sdq/mediastore/basic/interfaces/IUserManagementLocal.java","/Users/andreseidenglanz/code/seminar/MediaStore3/Implementation/mediastore.basic/src/edu/kit/ipd/sdq/mediastore/basic/interfaces/IUserManagement.java",1,1,1
"/Users/andreseidenglanz/code/seminar/MediaStore3/Implementation/mediastore.basic/src/edu/kit/ipd/sdq/mediastore/basic/interfaces/IUserManagementRemote.java","/Users/andreseidenglanz/code/seminar/MediaStore3/Implementation/mediastore.basic/src/edu/kit/ipd/sdq/mediastore/basic/interfaces/IUserManagement.java",1,1,1
"/Users/andreseidenglanz/code/seminar/MediaStore3/Implementation/mediastore.basic/src/edu/kit/ipd/sdq/mediastore/basic/utils/FSUtil.java","/Users/andreseidenglanz/code/seminar/MediaStore3/Implementation/mediastore.basic/src/edu/kit/ipd/sdq/mediastore/basic/config/GlobalConstantsContainer.java",3,3,3
"/Users/andreseidenglanz/code/seminar/MediaStore3/Implementation/mediastore.basic/src/edu/kit/ipd/sdq/mediastore/basic/utils/FSUtil.java","/Users/andreseidenglanz/code/seminar/MediaStore3/Implementation/mediastore.basic/src/edu/kit/ipd/sdq/mediastore/basic/data/FileContent.java",2,2,2
"/Users/andreseidenglanz/code/seminar/MediaStore3/Implementation/mediastore.basic/src/edu/kit/ipd/sdq/mediastore/basic/utils/FSUtil.java","/Users/andreseidenglanz/code/seminar/MediaStore3/Implementation/mediastore.basic/src/edu/kit/ipd/sdq/mediastore/basic/data/FileContentLocal.java",3,2,2
"/Users/andreseidenglanz/code/seminar/MediaStore3/Implementation/mediastore.basic/src/edu/kit/ipd/sdq/mediastore/basic/utils/FSUtil.java","/Users/andreseidenglanz/code/seminar/MediaStore3/Implementation/mediastore.basic/src/edu/kit/ipd/sdq/mediastore/basic/data/FileContentRemote.java",3,2,2
"/Users/andreseidenglanz/code/seminar/MediaStore3/Implementation/mediastore.basic/src/edu/kit/ipd/sdq/mediastore/basic/utils/JNDIUtil.java","/Users/andreseidenglanz/code/seminar/MediaStore3/Implementation/mediastore.basic/src/edu/kit/ipd/sdq/mediastore/basic/config/EJB.java",5,2,5
"/Users/andreseidenglanz/code/seminar/MediaStore3/Implementation/mediastore.basic/src/edu/kit/ipd/sdq/mediastore/basic/utils/JNDIUtil.java","/Users/andreseidenglanz/code/seminar/MediaStore3/Implementation/mediastore.basic/src/edu/kit/ipd/sdq/mediastore/basic/config/ProvidedInterface.java",3,2,3
"/Users/andreseidenglanz/code/seminar/MediaStore3/Implementation/mediastore.basic/src/edu/kit/ipd/sdq/mediastore/basic/utils/JNDIUtil.java","/Users/andreseidenglanz/code/seminar/MediaStore3/Implementation/mediastore.basic/src/edu/kit/ipd/sdq/mediastore/basic/utils/PropertiesUtil.java",1,1,1
"/Users/andreseidenglanz/code/seminar/MediaStore3/Implementation/mediastore.basic/src/edu/kit/ipd/sdq/mediastore/basic/utils/LameUtil.java","/Users/andreseidenglanz/code/seminar/MediaStore3/Implementation/mediastore.basic/src/edu/kit/ipd/sdq/mediastore/basic/exceptions/ConversionException.java",4,2,2
"/Users/andreseidenglanz/code/seminar/MediaStore3/Implementation/mediastore.basic/src/edu/kit/ipd/sdq/mediastore/basic/utils/PropertiesUtil.java","/Users/andreseidenglanz/code/seminar/MediaStore3/Implementation/mediastore.basic/src/edu/kit/ipd/sdq/mediastore/basic/config/EJB.java",3,2,3
"/Users/andreseidenglanz/code/seminar/MediaStore3/Implementation/mediastore.basic/src/edu/kit/ipd/sdq/mediastore/basic/utils/PropertiesUtil.java","/Users/andreseidenglanz/code/seminar/MediaStore3/Implementation/mediastore.basic/src/edu/kit/ipd/sdq/mediastore/basic/config/ProvidedInterface.java",2,2,2
"/Users/andreseidenglanz/code/seminar/MediaStore3/Implementation/mediastore.ejb.audiowatermarking/src/edu/kit/ipd/sdq/mediastore/ejb/audiowatermarking/AudioWatermarkingImpl.java","/Users/andreseidenglanz/code/seminar/MediaStore3/Implementation/mediastore.basic/src/edu/kit/ipd/sdq/mediastore/basic/BaseEJB.java",6,5,5
"/Users/andreseidenglanz/code/seminar/MediaStore3/Implementation/mediastore.ejb.audiowatermarking/src/edu/kit/ipd/sdq/mediastore/ejb/audiowatermarking/AudioWatermarkingImpl.java","/Users/andreseidenglanz/code/seminar/MediaStore3/Implementation/mediastore.basic/src/edu/kit/ipd/sdq/mediastore/basic/data/AudioFile.java",6,2,5
"/Users/andreseidenglanz/code/seminar/MediaStore3/Implementation/mediastore.ejb.audiowatermarking/src/edu/kit/ipd/sdq/mediastore/ejb/audiowatermarking/AudioWatermarkingImpl.java","/Users/andreseidenglanz/code/seminar/MediaStore3/Implementation/mediastore.basic/src/edu/kit/ipd/sdq/mediastore/basic/data/AudioFileInfo.java",2,2,2
"/Users/andreseidenglanz/code/seminar/MediaStore3/Implementation/mediastore.ejb.audiowatermarking/src/edu/kit/ipd/sdq/mediastore/ejb/audiowatermarking/AudioWatermarkingImpl.java","/Users/andreseidenglanz/code/seminar/MediaStore3/Implementation/mediastore.basic/src/edu/kit/ipd/sdq/mediastore/basic/data/FileContent.java",1,1,1
"/Users/andreseidenglanz/code/seminar/MediaStore3/Implementation/mediastore.ejb.audiowatermarking/src/edu/kit/ipd/sdq/mediastore/ejb/audiowatermarking/AudioWatermarkingImpl.java","/Users/andreseidenglanz/code/seminar/MediaStore3/Implementation/mediastore.basic/src/edu/kit/ipd/sdq/mediastore/basic/data/FileContentLocal.java",3,2,2
"/Users/andreseidenglanz/code/seminar/MediaStore3/Implementation/mediastore.ejb.audiowatermarking/src/edu/kit/ipd/sdq/mediastore/ejb/audiowatermarking/AudioWatermarkingImpl.java","/Users/andreseidenglanz/code/seminar/MediaStore3/Implementation/mediastore.basic/src/edu/kit/ipd/sdq/mediastore/basic/data/FileContentRemote.java",3,2,2
"/Users/andreseidenglanz/code/seminar/MediaStore3/Implementation/mediastore.ejb.audiowatermarking/src/edu/kit/ipd/sdq/mediastore/ejb/audiowatermarking/AudioWatermarkingImpl.java","/Users/andreseidenglanz/code/seminar/MediaStore3/Implementation/mediastore.basic/src/edu/kit/ipd/sdq/mediastore/basic/exceptions/ConversionException.java",6,2,2
"/Users/andreseidenglanz/code/seminar/MediaStore3/Implementation/mediastore.ejb.audiowatermarking/src/edu/kit/ipd/sdq/mediastore/ejb/audiowatermarking/AudioWatermarkingImpl.java","/Users/andreseidenglanz/code/seminar/MediaStore3/Implementation/mediastore.basic/src/edu/kit/ipd/sdq/mediastore/basic/exceptions/FailedDownloadException.java",2,2,1
"/Users/andreseidenglanz/code/seminar/MediaStore3/Implementation/mediastore.ejb.audiowatermarking/src/edu/kit/ipd/sdq/mediastore/ejb/audiowatermarking/AudioWatermarkingImpl.java","/Users/andreseidenglanz/code/seminar/MediaStore3/Implementation/mediastore.basic/src/edu/kit/ipd/sdq/mediastore/basic/interfaces/IDownload.java",3,3,2
"/Users/andreseidenglanz/code/seminar/MediaStore3/Implementation/mediastore.ejb.audiowatermarking/src/edu/kit/ipd/sdq/mediastore/ejb/audiowatermarking/AudioWatermarkingImpl.java","/Users/andreseidenglanz/code/seminar/MediaStore3/Implementation/mediastore.basic/src/edu/kit/ipd/sdq/mediastore/basic/interfaces/IDownloadAudioWatermarkingLocal.java",2,2,1
"/Users/andreseidenglanz/code/seminar/MediaStore3/Implementation/mediastore.ejb.audiowatermarking/src/edu/kit/ipd/sdq/mediastore/ejb/audiowatermarking/AudioWatermarkingImpl.java","/Users/andreseidenglanz/code/seminar/MediaStore3/Implementation/mediastore.basic/src/edu/kit/ipd/sdq/mediastore/basic/interfaces/IDownloadAudioWatermarkingRemote.java",2,2,1
"/Users/andreseidenglanz/code/seminar/MediaStore3/Implementation/mediastore.ejb.audiowatermarking/src/edu/kit/ipd/sdq/mediastore/ejb/audiowatermarking/AudioWatermarkingImpl.java","/Users/andreseidenglanz/code/seminar/MediaStore3/Implementation/mediastore.basic/src/edu/kit/ipd/sdq/mediastore/basic/utils/FSUtil.java",6,3,3
"/Users/andreseidenglanz/code/seminar/MediaStore3/Implementation/mediastore.ejb.audiowatermarking/src/edu/kit/ipd/sdq/mediastore/ejb/audiowatermarking/AudioWatermarkingImpl.java","/Users/andreseidenglanz/code/seminar/MediaStore3/Implementation/mediastore.basic/src/edu/kit/ipd/sdq/mediastore/basic/utils/LameUtil.java",4,3,4
"/Users/andreseidenglanz/code/seminar/MediaStore3/Implementation/mediastore.ejb.audiowatermarking/src/edu/kit/ipd/sdq/mediastore/ejb/audiowatermarking/AudioWatermarkingImpl.java","/Users/andreseidenglanz/code/seminar/MediaStore3/Implementation/mediastore.ejb.audiowatermarking/src/edu/kit/ipd/sdq/mediastore/ejb/audiowatermarking/WavFile.java",9,1,8
"/Users/andreseidenglanz/code/seminar/MediaStore3/Implementation/mediastore.ejb.audiowatermarking/src/edu/kit/ipd/sdq/mediastore/ejb/audiowatermarking/WavFile.java","/Users/andreseidenglanz/code/seminar/MediaStore3/Implementation/mediastore.ejb.audiowatermarking/src/edu/kit/ipd/sdq/mediastore/ejb/audiowatermarking/WavFileException.java",67,27,2
"/Users/andreseidenglanz/code/seminar/MediaStore3/Implementation/mediastore.ejb.cache/ejbModule/edu/kit/ipd/sdq/mediastore/ejb/cache/CacheImpl.java","/Users/andreseidenglanz/code/seminar/MediaStore3/Implementation/mediastore.basic/src/edu/kit/ipd/sdq/mediastore/basic/BaseEJB.java",6,5,5
"/Users/andreseidenglanz/code/seminar/MediaStore3/Implementation/mediastore.ejb.cache/ejbModule/edu/kit/ipd/sdq/mediastore/ejb/cache/CacheImpl.java","/Users/andreseidenglanz/code/seminar/MediaStore3/Implementation/mediastore.basic/src/edu/kit/ipd/sdq/mediastore/basic/data/AudioFile.java",9,2,4
"/Users/andreseidenglanz/code/seminar/MediaStore3/Implementation/mediastore.ejb.cache/ejbModule/edu/kit/ipd/sdq/mediastore/ejb/cache/CacheImpl.java","/Users/andreseidenglanz/code/seminar/MediaStore3/Implementation/mediastore.basic/src/edu/kit/ipd/sdq/mediastore/basic/data/FileContent.java",3,2,2
"/Users/andreseidenglanz/code/seminar/MediaStore3/Implementation/mediastore.ejb.cache/ejbModule/edu/kit/ipd/sdq/mediastore/ejb/cache/CacheImpl.java","/Users/andreseidenglanz/code/seminar/MediaStore3/Implementation/mediastore.basic/src/edu/kit/ipd/sdq/mediastore/basic/exceptions/FailedDownloadException.java",2,2,1
"/Users/andreseidenglanz/code/seminar/MediaStore3/Implementation/mediastore.ejb.cache/ejbModule/edu/kit/ipd/sdq/mediastore/ejb/cache/CacheImpl.java","/Users/andreseidenglanz/code/seminar/MediaStore3/Implementation/mediastore.basic/src/edu/kit/ipd/sdq/mediastore/basic/interfaces/ICacheMaintenanceLocal.java",2,2,1
"/Users/andreseidenglanz/code/seminar/MediaStore3/Implementation/mediastore.ejb.cache/ejbModule/edu/kit/ipd/sdq/mediastore/ejb/cache/CacheImpl.java","/Users/andreseidenglanz/code/seminar/MediaStore3/Implementation/mediastore.basic/src/edu/kit/ipd/sdq/mediastore/basic/interfaces/ICacheMaintenanceRemote.java",2,2,1
"/Users/andreseidenglanz/code/seminar/MediaStore3/Implementation/mediastore.ejb.cache/ejbModule/edu/kit/ipd/sdq/mediastore/ejb/cache/CacheImpl.java","/Users/andreseidenglanz/code/seminar/MediaStore3/Implementation/mediastore.basic/src/edu/kit/ipd/sdq/mediastore/basic/interfaces/IDownload.java",3,3,2
"/Users/andreseidenglanz/code/seminar/MediaStore3/Implementation/mediastore.ejb.cache/ejbModule/edu/kit/ipd/sdq/mediastore/ejb/cache/CacheImpl.java","/Users/andreseidenglanz/code/seminar/MediaStore3/Implementation/mediastore.basic/src/edu/kit/ipd/sdq/mediastore/basic/interfaces/IDownloadCacheLocal.java",2,2,1
"/Users/andreseidenglanz/code/seminar/MediaStore3/Implementation/mediastore.ejb.cache/ejbModule/edu/kit/ipd/sdq/mediastore/ejb/cache/CacheImpl.java","/Users/andreseidenglanz/code/seminar/MediaStore3/Implementation/mediastore.basic/src/edu/kit/ipd/sdq/mediastore/basic/interfaces/IDownloadCacheRemote.java",2,2,1
"/Users/andreseidenglanz/code/seminar/MediaStore3/Implementation/mediastore.ejb.cache/ejbModule/edu/kit/ipd/sdq/mediastore/ejb/cache/CacheImpl.java","/Users/andreseidenglanz/code/seminar/MediaStore3/Implementation/mediastore.ejb.cache/ejbModule/edu/kit/ipd/sdq/mediastore/ejb/cache/CacheSingleton.java",4,3,4
"/Users/andreseidenglanz/code/seminar/MediaStore3/Implementation/mediastore.ejb.cache/ejbModule/edu/kit/ipd/sdq/mediastore/ejb/cache/CacheImpl.java","/Users/andreseidenglanz/code/seminar/MediaStore3/Implementation/mediastore.ejb.cache/ejbModule/edu/kit/ipd/sdq/mediastore/ejb/cache/IdAndBitrate.java",4,1,2
"/Users/andreseidenglanz/code/seminar/MediaStore3/Implementation/mediastore.ejb.cache/ejbModule/edu/kit/ipd/sdq/mediastore/ejb/cache/CacheSingleton.java","/Users/andreseidenglanz/code/seminar/MediaStore3/Implementation/mediastore.basic/src/edu/kit/ipd/sdq/mediastore/basic/config/GlobalConstantsContainer.java",2,2,2
"/Users/andreseidenglanz/code/seminar/MediaStore3/Implementation/mediastore.ejb.cache/ejbModule/edu/kit/ipd/sdq/mediastore/ejb/cache/CacheSingleton.java","/Users/andreseidenglanz/code/seminar/MediaStore3/Implementation/mediastore.basic/src/edu/kit/ipd/sdq/mediastore/basic/data/AudioFile.java",3,3,1
"/Users/andreseidenglanz/code/seminar/MediaStore3/Implementation/mediastore.ejb.cache/ejbModule/edu/kit/ipd/sdq/mediastore/ejb/cache/CacheSingleton.java","/Users/andreseidenglanz/code/seminar/MediaStore3/Implementation/mediastore.ejb.cache/ejbModule/edu/kit/ipd/sdq/mediastore/ejb/cache/IdAndBitrate.java",3,2,3
"/Users/andreseidenglanz/code/seminar/MediaStore3/Implementation/mediastore.ejb.facade/src/edu/kit/ipd/sdq/mediastore/ejb/facade/FacadeImpl.java","/Users/andreseidenglanz/code/seminar/MediaStore3/Implementation/mediastore.basic/src/edu/kit/ipd/sdq/mediastore/basic/BaseEJB.java",9,8,5
"/Users/andreseidenglanz/code/seminar/MediaStore3/Implementation/mediastore.ejb.facade/src/edu/kit/ipd/sdq/mediastore/ejb/facade/FacadeImpl.java","/Users/andreseidenglanz/code/seminar/MediaStore3/Implementation/mediastore.basic/src/edu/kit/ipd/sdq/mediastore/basic/data/AudioFile.java",5,2,5
"/Users/andreseidenglanz/code/seminar/MediaStore3/Implementation/mediastore.ejb.facade/src/edu/kit/ipd/sdq/mediastore/ejb/facade/FacadeImpl.java","/Users/andreseidenglanz/code/seminar/MediaStore3/Implementation/mediastore.basic/src/edu/kit/ipd/sdq/mediastore/basic/data/AudioFileInfo.java",2,2,1
"/Users/andreseidenglanz/code/seminar/MediaStore3/Implementation/mediastore.ejb.facade/src/edu/kit/ipd/sdq/mediastore/ejb/facade/FacadeImpl.java","/Users/andreseidenglanz/code/seminar/MediaStore3/Implementation/mediastore.basic/src/edu/kit/ipd/sdq/mediastore/basic/data/CurrentUser.java",2,2,1
"/Users/andreseidenglanz/code/seminar/MediaStore3/Implementation/mediastore.ejb.facade/src/edu/kit/ipd/sdq/mediastore/ejb/facade/FacadeImpl.java","/Users/andreseidenglanz/code/seminar/MediaStore3/Implementation/mediastore.basic/src/edu/kit/ipd/sdq/mediastore/basic/data/FileContent.java",4,3,2
"/Users/andreseidenglanz/code/seminar/MediaStore3/Implementation/mediastore.ejb.facade/src/edu/kit/ipd/sdq/mediastore/ejb/facade/FacadeImpl.java","/Users/andreseidenglanz/code/seminar/MediaStore3/Implementation/mediastore.basic/src/edu/kit/ipd/sdq/mediastore/basic/data/FileContentRemote.java",3,2,2
"/Users/andreseidenglanz/code/seminar/MediaStore3/Implementation/mediastore.ejb.facade/src/edu/kit/ipd/sdq/mediastore/ejb/facade/FacadeImpl.java","/Users/andreseidenglanz/code/seminar/MediaStore3/Implementation/mediastore.basic/src/edu/kit/ipd/sdq/mediastore/basic/data/UserRegData.java",1,1,1
"/Users/andreseidenglanz/code/seminar/MediaStore3/Implementation/mediastore.ejb.facade/src/edu/kit/ipd/sdq/mediastore/ejb/facade/FacadeImpl.java","/Users/andreseidenglanz/code/seminar/MediaStore3/Implementation/mediastore.basic/src/edu/kit/ipd/sdq/mediastore/basic/exceptions/BadLoginDataException.java",2,2,1
"/Users/andreseidenglanz/code/seminar/MediaStore3/Implementation/mediastore.ejb.facade/src/edu/kit/ipd/sdq/mediastore/ejb/facade/FacadeImpl.java","/Users/andreseidenglanz/code/seminar/MediaStore3/Implementation/mediastore.basic/src/edu/kit/ipd/sdq/mediastore/basic/exceptions/FailedDownloadException.java",3,3,1
"/Users/andreseidenglanz/code/seminar/MediaStore3/Implementation/mediastore.ejb.facade/src/edu/kit/ipd/sdq/mediastore/ejb/facade/FacadeImpl.java","/Users/andreseidenglanz/code/seminar/MediaStore3/Implementation/mediastore.basic/src/edu/kit/ipd/sdq/mediastore/basic/exceptions/FailedUploadException.java",2,2,1
"/Users/andreseidenglanz/code/seminar/MediaStore3/Implementation/mediastore.ejb.facade/src/edu/kit/ipd/sdq/mediastore/ejb/facade/FacadeImpl.java","/Users/andreseidenglanz/code/seminar/MediaStore3/Implementation/mediastore.basic/src/edu/kit/ipd/sdq/mediastore/basic/exceptions/UserAlreadyExistsException.java",2,2,1
"/Users/andreseidenglanz/code/seminar/MediaStore3/Implementation/mediastore.ejb.facade/src/edu/kit/ipd/sdq/mediastore/ejb/facade/FacadeImpl.java","/Users/andreseidenglanz/code/seminar/MediaStore3/Implementation/mediastore.basic/src/edu/kit/ipd/sdq/mediastore/basic/interfaces/IFacadeLocal.java",2,2,1
"/Users/andreseidenglanz/code/seminar/MediaStore3/Implementation/mediastore.ejb.facade/src/edu/kit/ipd/sdq/mediastore/ejb/facade/FacadeImpl.java","/Users/andreseidenglanz/code/seminar/MediaStore3/Implementation/mediastore.basic/src/edu/kit/ipd/sdq/mediastore/basic/interfaces/IFacadeRemote.java",2,2,1
"/Users/andreseidenglanz/code/seminar/MediaStore3/Implementation/mediastore.ejb.facade/src/edu/kit/ipd/sdq/mediastore/ejb/facade/FacadeImpl.java","/Users/andreseidenglanz/code/seminar/MediaStore3/Implementation/mediastore.basic/src/edu/kit/ipd/sdq/mediastore/basic/interfaces/IMediaManagement.java",6,6,4
"/Users/andreseidenglanz/code/seminar/MediaStore3/Implementation/mediastore.ejb.facade/src/edu/kit/ipd/sdq/mediastore/ejb/facade/FacadeImpl.java","/Users/andreseidenglanz/code/seminar/MediaStore3/Implementation/mediastore.basic/src/edu/kit/ipd/sdq/mediastore/basic/interfaces/IUserManagement.java",4,4,3
"/Users/andreseidenglanz/code/seminar/MediaStore3/Implementation/mediastore.ejb.facade/src/edu/kit/ipd/sdq/mediastore/ejb/facade/FacadeImpl.java","/Users/andreseidenglanz/code/seminar/MediaStore3/Implementation/mediastore.basic/src/edu/kit/ipd/sdq/mediastore/basic/utils/FSUtil.java",2,2,2
"/Users/andreseidenglanz/code/seminar/MediaStore3/Implementation/mediastore.ejb.mediaaccess/src/edu/kit/ipd/sdq/mediastore/ejb/mediaaccess/DbManager.java","/Users/andreseidenglanz/code/seminar/MediaStore3/Implementation/mediastore.basic/src/edu/kit/ipd/sdq/mediastore/basic/data/AudioFile.java",9,3,8
"/Users/andreseidenglanz/code/seminar/MediaStore3/Implementation/mediastore.ejb.mediaaccess/src/edu/kit/ipd/sdq/mediastore/ejb/mediaaccess/DbManager.java","/Users/andreseidenglanz/code/seminar/MediaStore3/Implementation/mediastore.basic/src/edu/kit/ipd/sdq/mediastore/basic/data/AudioFileInfo.java",8,3,2
"/Users/andreseidenglanz/code/seminar/MediaStore3/Implementation/mediastore.ejb.mediaaccess/src/edu/kit/ipd/sdq/mediastore/ejb/mediaaccess/DbManager.java","/Users/andreseidenglanz/code/seminar/MediaStore3/Implementation/mediastore.basic/src/edu/kit/ipd/sdq/mediastore/basic/exceptions/FailedDownloadException.java",4,2,2
"/Users/andreseidenglanz/code/seminar/MediaStore3/Implementation/mediastore.ejb.mediaaccess/src/edu/kit/ipd/sdq/mediastore/ejb/mediaaccess/DbManager.java","/Users/andreseidenglanz/code/seminar/MediaStore3/Implementation/mediastore.ejb.mediaaccess/src/edu/kit/ipd/sdq/mediastore/ejb/mediaaccess/Audio.java",26,3,17
"/Users/andreseidenglanz/code/seminar/MediaStore3/Implementation/mediastore.ejb.mediaaccess/src/edu/kit/ipd/sdq/mediastore/ejb/mediaaccess/MediaAccessImpl.java","/Users/andreseidenglanz/code/seminar/MediaStore3/Implementation/mediastore.basic/src/edu/kit/ipd/sdq/mediastore/basic/BaseEJB.java",4,3,3
"/Users/andreseidenglanz/code/seminar/MediaStore3/Implementation/mediastore.ejb.mediaaccess/src/edu/kit/ipd/sdq/mediastore/ejb/mediaaccess/MediaAccessImpl.java","/Users/andreseidenglanz/code/seminar/MediaStore3/Implementation/mediastore.basic/src/edu/kit/ipd/sdq/mediastore/basic/config/GlobalConstantsContainer.java",5,5,2
"/Users/andreseidenglanz/code/seminar/MediaStore3/Implementation/mediastore.ejb.mediaaccess/src/edu/kit/ipd/sdq/mediastore/ejb/mediaaccess/MediaAccessImpl.java","/Users/andreseidenglanz/code/seminar/MediaStore3/Implementation/mediastore.basic/src/edu/kit/ipd/sdq/mediastore/basic/data/AudioFile.java",10,3,6
"/Users/andreseidenglanz/code/seminar/MediaStore3/Implementation/mediastore.ejb.mediaaccess/src/edu/kit/ipd/sdq/mediastore/ejb/mediaaccess/MediaAccessImpl.java","/Users/andreseidenglanz/code/seminar/MediaStore3/Implementation/mediastore.basic/src/edu/kit/ipd/sdq/mediastore/basic/data/AudioFileInfo.java",9,4,5
"/Users/andreseidenglanz/code/seminar/MediaStore3/Implementation/mediastore.ejb.mediaaccess/src/edu/kit/ipd/sdq/mediastore/ejb/mediaaccess/MediaAccessImpl.java","/Users/andreseidenglanz/code/seminar/MediaStore3/Implementation/mediastore.basic/src/edu/kit/ipd/sdq/mediastore/basic/data/FileContent.java",3,3,2
"/Users/andreseidenglanz/code/seminar/MediaStore3/Implementation/mediastore.ejb.mediaaccess/src/edu/kit/ipd/sdq/mediastore/ejb/mediaaccess/MediaAccessImpl.java","/Users/andreseidenglanz/code/seminar/MediaStore3/Implementation/mediastore.basic/src/edu/kit/ipd/sdq/mediastore/basic/data/FileContentLocal.java",5,3,3
"/Users/andreseidenglanz/code/seminar/MediaStore3/Implementation/mediastore.ejb.mediaaccess/src/edu/kit/ipd/sdq/mediastore/ejb/mediaaccess/MediaAccessImpl.java","/Users/andreseidenglanz/code/seminar/MediaStore3/Implementation/mediastore.basic/src/edu/kit/ipd/sdq/mediastore/basic/data/FileContentRemote.java",3,2,2
"/Users/andreseidenglanz/code/seminar/MediaStore3/Implementation/mediastore.ejb.mediaaccess/src/edu/kit/ipd/sdq/mediastore/ejb/mediaaccess/MediaAccessImpl.java","/Users/andreseidenglanz/code/seminar/MediaStore3/Implementation/mediastore.basic/src/edu/kit/ipd/sdq/mediastore/basic/exceptions/FailedDownloadException.java",5,3,2
"/Users/andreseidenglanz/code/seminar/MediaStore3/Implementation/mediastore.ejb.mediaaccess/src/edu/kit/ipd/sdq/mediastore/ejb/mediaaccess/MediaAccessImpl.java","/Users/andreseidenglanz/code/seminar/MediaStore3/Implementation/mediastore.basic/src/edu/kit/ipd/sdq/mediastore/basic/exceptions/FailedUploadException.java",4,2,2
"/Users/andreseidenglanz/code/seminar/MediaStore3/Implementation/mediastore.ejb.mediaaccess/src/edu/kit/ipd/sdq/mediastore/ejb/mediaaccess/MediaAccessImpl.java","/Users/andreseidenglanz/code/seminar/MediaStore3/Implementation/mediastore.basic/src/edu/kit/ipd/sdq/mediastore/basic/interfaces/IDownloadMediaAccessLocal.java",2,2,1
"/Users/andreseidenglanz/code/seminar/MediaStore3/Implementation/mediastore.ejb.mediaaccess/src/edu/kit/ipd/sdq/mediastore/ejb/mediaaccess/MediaAccessImpl.java","/Users/andreseidenglanz/code/seminar/MediaStore3/Implementation/mediastore.basic/src/edu/kit/ipd/sdq/mediastore/basic/interfaces/IDownloadMediaAccessRemote.java",2,2,1
"/Users/andreseidenglanz/code/seminar/MediaStore3/Implementation/mediastore.ejb.mediaaccess/src/edu/kit/ipd/sdq/mediastore/ejb/mediaaccess/MediaAccessImpl.java","/Users/andreseidenglanz/code/seminar/MediaStore3/Implementation/mediastore.basic/src/edu/kit/ipd/sdq/mediastore/basic/interfaces/IMediaAccessLocal.java",2,2,1
"/Users/andreseidenglanz/code/seminar/MediaStore3/Implementation/mediastore.ejb.mediaaccess/src/edu/kit/ipd/sdq/mediastore/ejb/mediaaccess/MediaAccessImpl.java","/Users/andreseidenglanz/code/seminar/MediaStore3/Implementation/mediastore.basic/src/edu/kit/ipd/sdq/mediastore/basic/interfaces/IMediaAccessMaintenanceLocal.java",2,2,1
"/Users/andreseidenglanz/code/seminar/MediaStore3/Implementation/mediastore.ejb.mediaaccess/src/edu/kit/ipd/sdq/mediastore/ejb/mediaaccess/MediaAccessImpl.java","/Users/andreseidenglanz/code/seminar/MediaStore3/Implementation/mediastore.basic/src/edu/kit/ipd/sdq/mediastore/basic/interfaces/IMediaAccessMaintenanceRemote.java",2,2,1
"/Users/andreseidenglanz/code/seminar/MediaStore3/Implementation/mediastore.ejb.mediaaccess/src/edu/kit/ipd/sdq/mediastore/ejb/mediaaccess/MediaAccessImpl.java","/Users/andreseidenglanz/code/seminar/MediaStore3/Implementation/mediastore.basic/src/edu/kit/ipd/sdq/mediastore/basic/interfaces/IMediaAccessRemote.java",2,2,1
"/Users/andreseidenglanz/code/seminar/MediaStore3/Implementation/mediastore.ejb.mediaaccess/src/edu/kit/ipd/sdq/mediastore/ejb/mediaaccess/MediaAccessImpl.java","/Users/andreseidenglanz/code/seminar/MediaStore3/Implementation/mediastore.basic/src/edu/kit/ipd/sdq/mediastore/basic/utils/FSUtil.java",4,3,4
"/Users/andreseidenglanz/code/seminar/MediaStore3/Implementation/mediastore.ejb.mediaaccess/src/edu/kit/ipd/sdq/mediastore/ejb/mediaaccess/MediaAccessImpl.java","/Users/andreseidenglanz/code/seminar/MediaStore3/Implementation/mediastore.ejb.mediaaccess/src/edu/kit/ipd/sdq/mediastore/ejb/mediaaccess/DbManager.java",7,6,7
"/Users/andreseidenglanz/code/seminar/MediaStore3/Implementation/mediastore.ejb.mediamanagement/src/edu/kit/ipd/sdq/mediastore/ejb/mediamanagement/MediaManagementImpl.java","/Users/andreseidenglanz/code/seminar/MediaStore3/Implementation/mediastore.basic/src/edu/kit/ipd/sdq/mediastore/basic/BaseEJB.java",10,8,5
"/Users/andreseidenglanz/code/seminar/MediaStore3/Implementation/mediastore.ejb.mediamanagement/src/edu/kit/ipd/sdq/mediastore/ejb/mediamanagement/MediaManagementImpl.java","/Users/andreseidenglanz/code/seminar/MediaStore3/Implementation/mediastore.basic/src/edu/kit/ipd/sdq/mediastore/basic/data/AudioFile.java",8,3,5
"/Users/andreseidenglanz/code/seminar/MediaStore3/Implementation/mediastore.ejb.mediamanagement/src/edu/kit/ipd/sdq/mediastore/ejb/mediamanagement/MediaManagementImpl.java","/Users/andreseidenglanz/code/seminar/MediaStore3/Implementation/mediastore.basic/src/edu/kit/ipd/sdq/mediastore/basic/data/AudioFileInfo.java",2,2,1
"/Users/andreseidenglanz/code/seminar/MediaStore3/Implementation/mediastore.ejb.mediamanagement/src/edu/kit/ipd/sdq/mediastore/ejb/mediamanagement/MediaManagementImpl.java","/Users/andreseidenglanz/code/seminar/MediaStore3/Implementation/mediastore.basic/src/edu/kit/ipd/sdq/mediastore/basic/data/FileContent.java",5,3,2
"/Users/andreseidenglanz/code/seminar/MediaStore3/Implementation/mediastore.ejb.mediamanagement/src/edu/kit/ipd/sdq/mediastore/ejb/mediamanagement/MediaManagementImpl.java","/Users/andreseidenglanz/code/seminar/MediaStore3/Implementation/mediastore.basic/src/edu/kit/ipd/sdq/mediastore/basic/exceptions/FailedDownloadException.java",2,2,1
"/Users/andreseidenglanz/code/seminar/MediaStore3/Implementation/mediastore.ejb.mediamanagement/src/edu/kit/ipd/sdq/mediastore/ejb/mediamanagement/MediaManagementImpl.java","/Users/andreseidenglanz/code/seminar/MediaStore3/Implementation/mediastore.basic/src/edu/kit/ipd/sdq/mediastore/basic/exceptions/FailedUploadException.java",2,2,1
"/Users/andreseidenglanz/code/seminar/MediaStore3/Implementation/mediastore.ejb.mediamanagement/src/edu/kit/ipd/sdq/mediastore/ejb/mediamanagement/MediaManagementImpl.java","/Users/andreseidenglanz/code/seminar/MediaStore3/Implementation/mediastore.basic/src/edu/kit/ipd/sdq/mediastore/basic/interfaces/IDownload.java",3,3,2
"/Users/andreseidenglanz/code/seminar/MediaStore3/Implementation/mediastore.ejb.mediamanagement/src/edu/kit/ipd/sdq/mediastore/ejb/mediamanagement/MediaManagementImpl.java","/Users/andreseidenglanz/code/seminar/MediaStore3/Implementation/mediastore.basic/src/edu/kit/ipd/sdq/mediastore/basic/interfaces/IMediaAccess.java",4,4,3
"/Users/andreseidenglanz/code/seminar/MediaStore3/Implementation/mediastore.ejb.mediamanagement/src/edu/kit/ipd/sdq/mediastore/ejb/mediamanagement/MediaManagementImpl.java","/Users/andreseidenglanz/code/seminar/MediaStore3/Implementation/mediastore.basic/src/edu/kit/ipd/sdq/mediastore/basic/interfaces/IMediaManagementLocal.java",2,2,1
"/Users/andreseidenglanz/code/seminar/MediaStore3/Implementation/mediastore.ejb.mediamanagement/src/edu/kit/ipd/sdq/mediastore/ejb/mediamanagement/MediaManagementImpl.java","/Users/andreseidenglanz/code/seminar/MediaStore3/Implementation/mediastore.basic/src/edu/kit/ipd/sdq/mediastore/basic/interfaces/IMediaManagementRemote.java",2,2,1
"/Users/andreseidenglanz/code/seminar/MediaStore3/Implementation/mediastore.ejb.mediamanagement/src/edu/kit/ipd/sdq/mediastore/ejb/mediamanagement/MediaManagementImpl.java","/Users/andreseidenglanz/code/seminar/MediaStore3/Implementation/mediastore.basic/src/edu/kit/ipd/sdq/mediastore/basic/interfaces/IPackaging.java",3,3,2
"/Users/andreseidenglanz/code/seminar/MediaStore3/Implementation/mediastore.ejb.mediamanagement/src/edu/kit/ipd/sdq/mediastore/ejb/mediamanagement/MediaManagementImpl.java","/Users/andreseidenglanz/code/seminar/MediaStore3/Implementation/mediastore.basic/src/edu/kit/ipd/sdq/mediastore/basic/utils/FSUtil.java",2,2,2
"/Users/andreseidenglanz/code/seminar/MediaStore3/Implementation/mediastore.ejb.packaging/src/edu/kit/ipd/sdq/mediastore/ejb/packaging/PackagingImpl.java","/Users/andreseidenglanz/code/seminar/MediaStore3/Implementation/mediastore.basic/src/edu/kit/ipd/sdq/mediastore/basic/BaseEJB.java",4,3,3
"/Users/andreseidenglanz/code/seminar/MediaStore3/Implementation/mediastore.ejb.packaging/src/edu/kit/ipd/sdq/mediastore/ejb/packaging/PackagingImpl.java","/Users/andreseidenglanz/code/seminar/MediaStore3/Implementation/mediastore.basic/src/edu/kit/ipd/sdq/mediastore/basic/data/AudioFile.java",3,2,3
"/Users/andreseidenglanz/code/seminar/MediaStore3/Implementation/mediastore.ejb.packaging/src/edu/kit/ipd/sdq/mediastore/ejb/packaging/PackagingImpl.java","/Users/andreseidenglanz/code/seminar/MediaStore3/Implementation/mediastore.basic/src/edu/kit/ipd/sdq/mediastore/basic/data/FileContent.java",3,3,2
"/Users/andreseidenglanz/code/seminar/MediaStore3/Implementation/mediastore.ejb.packaging/src/edu/kit/ipd/sdq/mediastore/ejb/packaging/PackagingImpl.java","/Users/andreseidenglanz/code/seminar/MediaStore3/Implementation/mediastore.basic/src/edu/kit/ipd/sdq/mediastore/basic/data/FileContentLocal.java",5,3,3
"/Users/andreseidenglanz/code/seminar/MediaStore3/Implementation/mediastore.ejb.packaging/src/edu/kit/ipd/sdq/mediastore/ejb/packaging/PackagingImpl.java","/Users/andreseidenglanz/code/seminar/MediaStore3/Implementation/mediastore.basic/src/edu/kit/ipd/sdq/mediastore/basic/data/FileContentRemote.java",5,3,3
"/Users/andreseidenglanz/code/seminar/MediaStore3/Implementation/mediastore.ejb.packaging/src/edu/kit/ipd/sdq/mediastore/ejb/packaging/PackagingImpl.java","/Users/andreseidenglanz/code/seminar/MediaStore3/Implementation/mediastore.basic/src/edu/kit/ipd/sdq/mediastore/basic/interfaces/IPackagingLocal.java",2,2,1
"/Users/andreseidenglanz/code/seminar/MediaStore3/Implementation/mediastore.ejb.packaging/src/edu/kit/ipd/sdq/mediastore/ejb/packaging/PackagingImpl.java","/Users/andreseidenglanz/code/seminar/MediaStore3/Implementation/mediastore.basic/src/edu/kit/ipd/sdq/mediastore/basic/interfaces/IPackagingRemote.java",2,2,1
"/Users/andreseidenglanz/code/seminar/MediaStore3/Implementation/mediastore.ejb.packaging/src/edu/kit/ipd/sdq/mediastore/ejb/packaging/PackagingImpl.java","/Users/andreseidenglanz/code/seminar/MediaStore3/Implementation/mediastore.basic/src/edu/kit/ipd/sdq/mediastore/basic/utils/FSUtil.java",2,2,2
"/Users/andreseidenglanz/code/seminar/MediaStore3/Implementation/mediastore.ejb.reencoder/src/edu/kit/ipd/sdq/mediastore/ejb/reencoder/ReEncoderImpl.java","/Users/andreseidenglanz/code/seminar/MediaStore3/Implementation/mediastore.basic/src/edu/kit/ipd/sdq/mediastore/basic/BaseEJB.java",6,5,5
"/Users/andreseidenglanz/code/seminar/MediaStore3/Implementation/mediastore.ejb.reencoder/src/edu/kit/ipd/sdq/mediastore/ejb/reencoder/ReEncoderImpl.java","/Users/andreseidenglanz/code/seminar/MediaStore3/Implementation/mediastore.basic/src/edu/kit/ipd/sdq/mediastore/basic/data/AudioFile.java",5,2,3
"/Users/andreseidenglanz/code/seminar/MediaStore3/Implementation/mediastore.ejb.reencoder/src/edu/kit/ipd/sdq/mediastore/ejb/reencoder/ReEncoderImpl.java","/Users/andreseidenglanz/code/seminar/MediaStore3/Implementation/mediastore.basic/src/edu/kit/ipd/sdq/mediastore/basic/data/FileContent.java",1,1,1
"/Users/andreseidenglanz/code/seminar/MediaStore3/Implementation/mediastore.ejb.reencoder/src/edu/kit/ipd/sdq/mediastore/ejb/reencoder/ReEncoderImpl.java","/Users/andreseidenglanz/code/seminar/MediaStore3/Implementation/mediastore.basic/src/edu/kit/ipd/sdq/mediastore/basic/data/FileContentLocal.java",3,2,2
"/Users/andreseidenglanz/code/seminar/MediaStore3/Implementation/mediastore.ejb.reencoder/src/edu/kit/ipd/sdq/mediastore/ejb/reencoder/ReEncoderImpl.java","/Users/andreseidenglanz/code/seminar/MediaStore3/Implementation/mediastore.basic/src/edu/kit/ipd/sdq/mediastore/basic/data/FileContentRemote.java",3,2,2
"/Users/andreseidenglanz/code/seminar/MediaStore3/Implementation/mediastore.ejb.reencoder/src/edu/kit/ipd/sdq/mediastore/ejb/reencoder/ReEncoderImpl.java","/Users/andreseidenglanz/code/seminar/MediaStore3/Implementation/mediastore.basic/src/edu/kit/ipd/sdq/mediastore/basic/exceptions/ConversionException.java",1,1,1
"/Users/andreseidenglanz/code/seminar/MediaStore3/Implementation/mediastore.ejb.reencoder/src/edu/kit/ipd/sdq/mediastore/ejb/reencoder/ReEncoderImpl.java","/Users/andreseidenglanz/code/seminar/MediaStore3/Implementation/mediastore.basic/src/edu/kit/ipd/sdq/mediastore/basic/exceptions/FailedDownloadException.java",2,2,1
"/Users/andreseidenglanz/code/seminar/MediaStore3/Implementation/mediastore.ejb.reencoder/src/edu/kit/ipd/sdq/mediastore/ejb/reencoder/ReEncoderImpl.java","/Users/andreseidenglanz/code/seminar/MediaStore3/Implementation/mediastore.basic/src/edu/kit/ipd/sdq/mediastore/basic/interfaces/IDownload.java",3,3,2
"/Users/andreseidenglanz/code/seminar/MediaStore3/Implementation/mediastore.ejb.reencoder/src/edu/kit/ipd/sdq/mediastore/ejb/reencoder/ReEncoderImpl.java","/Users/andreseidenglanz/code/seminar/MediaStore3/Implementation/mediastore.basic/src/edu/kit/ipd/sdq/mediastore/basic/interfaces/IDownloadReEncoderLocal.java",2,2,1
"/Users/andreseidenglanz/code/seminar/MediaStore3/Implementation/mediastore.ejb.reencoder/src/edu/kit/ipd/sdq/mediastore/ejb/reencoder/ReEncoderImpl.java","/Users/andreseidenglanz/code/seminar/MediaStore3/Implementation/mediastore.basic/src/edu/kit/ipd/sdq/mediastore/basic/interfaces/IDownloadReEncoderRemote.java",2,2,1
"/Users/andreseidenglanz/code/seminar/MediaStore3/Implementation/mediastore.ejb.reencoder/src/edu/kit/ipd/sdq/mediastore/ejb/reencoder/ReEncoderImpl.java","/Users/andreseidenglanz/code/seminar/MediaStore3/Implementation/mediastore.basic/src/edu/kit/ipd/sdq/mediastore/basic/utils/FSUtil.java",4,2,4
"/Users/andreseidenglanz/code/seminar/MediaStore3/Implementation/mediastore.ejb.reencoder/src/edu/kit/ipd/sdq/mediastore/ejb/reencoder/ReEncoderImpl.java","/Users/andreseidenglanz/code/seminar/MediaStore3/Implementation/mediastore.basic/src/edu/kit/ipd/sdq/mediastore/basic/utils/LameUtil.java",3,2,3
"/Users/andreseidenglanz/code/seminar/MediaStore3/Implementation/mediastore.ejb.tagwatermarking/src/edu/kit/ipd/sdq/mediastore/ejb/tagwatermarking/TagWatermarkingImpl.java","/Users/andreseidenglanz/code/seminar/MediaStore3/Implementation/mediastore.basic/src/edu/kit/ipd/sdq/mediastore/basic/BaseEJB.java",6,5,5
"/Users/andreseidenglanz/code/seminar/MediaStore3/Implementation/mediastore.ejb.tagwatermarking/src/edu/kit/ipd/sdq/mediastore/ejb/tagwatermarking/TagWatermarkingImpl.java","/Users/andreseidenglanz/code/seminar/MediaStore3/Implementation/mediastore.basic/src/edu/kit/ipd/sdq/mediastore/basic/data/AudioFile.java",7,3,4
"/Users/andreseidenglanz/code/seminar/MediaStore3/Implementation/mediastore.ejb.tagwatermarking/src/edu/kit/ipd/sdq/mediastore/ejb/tagwatermarking/TagWatermarkingImpl.java","/Users/andreseidenglanz/code/seminar/MediaStore3/Implementation/mediastore.basic/src/edu/kit/ipd/sdq/mediastore/basic/data/FileContentLocal.java",3,2,2
"/Users/andreseidenglanz/code/seminar/MediaStore3/Implementation/mediastore.ejb.tagwatermarking/src/edu/kit/ipd/sdq/mediastore/ejb/tagwatermarking/TagWatermarkingImpl.java","/Users/andreseidenglanz/code/seminar/MediaStore3/Implementation/mediastore.basic/src/edu/kit/ipd/sdq/mediastore/basic/data/FileContentRemote.java",3,2,2
"/Users/andreseidenglanz/code/seminar/MediaStore3/Implementation/mediastore.ejb.tagwatermarking/src/edu/kit/ipd/sdq/mediastore/ejb/tagwatermarking/TagWatermarkingImpl.java","/Users/andreseidenglanz/code/seminar/MediaStore3/Implementation/mediastore.basic/src/edu/kit/ipd/sdq/mediastore/basic/exceptions/FailedDownloadException.java",4,2,2
"/Users/andreseidenglanz/code/seminar/MediaStore3/Implementation/mediastore.ejb.tagwatermarking/src/edu/kit/ipd/sdq/mediastore/ejb/tagwatermarking/TagWatermarkingImpl.java","/Users/andreseidenglanz/code/seminar/MediaStore3/Implementation/mediastore.basic/src/edu/kit/ipd/sdq/mediastore/basic/interfaces/IDownload.java",3,3,2
"/Users/andreseidenglanz/code/seminar/MediaStore3/Implementation/mediastore.ejb.tagwatermarking/src/edu/kit/ipd/sdq/mediastore/ejb/tagwatermarking/TagWatermarkingImpl.java","/Users/andreseidenglanz/code/seminar/MediaStore3/Implementation/mediastore.basic/src/edu/kit/ipd/sdq/mediastore/basic/interfaces/IDownloadTagWatermarkingLocal.java",2,2,1
"/Users/andreseidenglanz/code/seminar/MediaStore3/Implementation/mediastore.ejb.tagwatermarking/src/edu/kit/ipd/sdq/mediastore/ejb/tagwatermarking/TagWatermarkingImpl.java","/Users/andreseidenglanz/code/seminar/MediaStore3/Implementation/mediastore.basic/src/edu/kit/ipd/sdq/mediastore/basic/interfaces/IDownloadTagWatermarkingRemote.java",2,2,1
"/Users/andreseidenglanz/code/seminar/MediaStore3/Implementation/mediastore.ejb.tagwatermarking/src/edu/kit/ipd/sdq/mediastore/ejb/tagwatermarking/TagWatermarkingImpl.java","/Users/andreseidenglanz/code/seminar/MediaStore3/Implementation/mediastore.basic/src/edu/kit/ipd/sdq/mediastore/basic/utils/FSUtil.java",3,2,3
"/Users/andreseidenglanz/code/seminar/MediaStore3/Implementation/mediastore.ejb.userdbadapter/src/edu/kit/ipd/sdq/mediastore/ejb/userdbadapter/DbManager.java","/Users/andreseidenglanz/code/seminar/MediaStore3/Implementation/mediastore.basic/src/edu/kit/ipd/sdq/mediastore/basic/data/CurrentUser.java",4,2,2
"/Users/andreseidenglanz/code/seminar/MediaStore3/Implementation/mediastore.ejb.userdbadapter/src/edu/kit/ipd/sdq/mediastore/ejb/userdbadapter/DbManager.java","/Users/andreseidenglanz/code/seminar/MediaStore3/Implementation/mediastore.basic/src/edu/kit/ipd/sdq/mediastore/basic/data/UserRegData.java",7,2,5
"/Users/andreseidenglanz/code/seminar/MediaStore3/Implementation/mediastore.ejb.userdbadapter/src/edu/kit/ipd/sdq/mediastore/ejb/userdbadapter/DbManager.java","/Users/andreseidenglanz/code/seminar/MediaStore3/Implementation/mediastore.basic/src/edu/kit/ipd/sdq/mediastore/basic/exceptions/BadLoginDataException.java",4,2,2
"/Users/andreseidenglanz/code/seminar/MediaStore3/Implementation/mediastore.ejb.userdbadapter/src/edu/kit/ipd/sdq/mediastore/ejb/userdbadapter/DbManager.java","/Users/andreseidenglanz/code/seminar/MediaStore3/Implementation/mediastore.basic/src/edu/kit/ipd/sdq/mediastore/basic/exceptions/UserAlreadyExistsException.java",4,2,2
"/Users/andreseidenglanz/code/seminar/MediaStore3/Implementation/mediastore.ejb.userdbadapter/src/edu/kit/ipd/sdq/mediastore/ejb/userdbadapter/DbManager.java","/Users/andreseidenglanz/code/seminar/MediaStore3/Implementation/mediastore.ejb.userdbadapter/src/edu/kit/ipd/sdq/mediastore/ejb/userdbadapter/User.java",8,2,7
"/Users/andreseidenglanz/code/seminar/MediaStore3/Implementation/mediastore.ejb.userdbadapter/src/edu/kit/ipd/sdq/mediastore/ejb/userdbadapter/UserDBAdapterImpl.java","/Users/andreseidenglanz/code/seminar/MediaStore3/Implementation/mediastore.basic/src/edu/kit/ipd/sdq/mediastore/basic/BaseEJB.java",4,3,3
"/Users/andreseidenglanz/code/seminar/MediaStore3/Implementation/mediastore.ejb.userdbadapter/src/edu/kit/ipd/sdq/mediastore/ejb/userdbadapter/UserDBAdapterImpl.java","/Users/andreseidenglanz/code/seminar/MediaStore3/Implementation/mediastore.basic/src/edu/kit/ipd/sdq/mediastore/basic/data/CurrentUser.java",2,2,1
"/Users/andreseidenglanz/code/seminar/MediaStore3/Implementation/mediastore.ejb.userdbadapter/src/edu/kit/ipd/sdq/mediastore/ejb/userdbadapter/UserDBAdapterImpl.java","/Users/andreseidenglanz/code/seminar/MediaStore3/Implementation/mediastore.basic/src/edu/kit/ipd/sdq/mediastore/basic/data/UserRegData.java",1,1,1
"/Users/andreseidenglanz/code/seminar/MediaStore3/Implementation/mediastore.ejb.userdbadapter/src/edu/kit/ipd/sdq/mediastore/ejb/userdbadapter/UserDBAdapterImpl.java","/Users/andreseidenglanz/code/seminar/MediaStore3/Implementation/mediastore.basic/src/edu/kit/ipd/sdq/mediastore/basic/exceptions/BadLoginDataException.java",2,2,1
"/Users/andreseidenglanz/code/seminar/MediaStore3/Implementation/mediastore.ejb.userdbadapter/src/edu/kit/ipd/sdq/mediastore/ejb/userdbadapter/UserDBAdapterImpl.java","/Users/andreseidenglanz/code/seminar/MediaStore3/Implementation/mediastore.basic/src/edu/kit/ipd/sdq/mediastore/basic/exceptions/UserAlreadyExistsException.java",2,2,1
"/Users/andreseidenglanz/code/seminar/MediaStore3/Implementation/mediastore.ejb.userdbadapter/src/edu/kit/ipd/sdq/mediastore/ejb/userdbadapter/UserDBAdapterImpl.java","/Users/andreseidenglanz/code/seminar/MediaStore3/Implementation/mediastore.basic/src/edu/kit/ipd/sdq/mediastore/basic/interfaces/IUserDBAdapterLocal.java",2,2,1
"/Users/andreseidenglanz/code/seminar/MediaStore3/Implementation/mediastore.ejb.userdbadapter/src/edu/kit/ipd/sdq/mediastore/ejb/userdbadapter/UserDBAdapterImpl.java","/Users/andreseidenglanz/code/seminar/MediaStore3/Implementation/mediastore.basic/src/edu/kit/ipd/sdq/mediastore/basic/interfaces/IUserDBAdapterRemote.java",2,2,1
"/Users/andreseidenglanz/code/seminar/MediaStore3/Implementation/mediastore.ejb.userdbadapter/src/edu/kit/ipd/sdq/mediastore/ejb/userdbadapter/UserDBAdapterImpl.java","/Users/andreseidenglanz/code/seminar/MediaStore3/Implementation/mediastore.ejb.userdbadapter/src/edu/kit/ipd/sdq/mediastore/ejb/userdbadapter/DbManager.java",4,4,4
"/Users/andreseidenglanz/code/seminar/MediaStore3/Implementation/mediastore.ejb.usermanagement/ejbModule/edu/kit/ipd/sdq/mediastore/ejb/usermanagement/UserManagementImpl.java","/Users/andreseidenglanz/code/seminar/MediaStore3/Implementation/mediastore.basic/src/edu/kit/ipd/sdq/mediastore/basic/BaseEJB.java",5,4,4
"/Users/andreseidenglanz/code/seminar/MediaStore3/Implementation/mediastore.ejb.usermanagement/ejbModule/edu/kit/ipd/sdq/mediastore/ejb/usermanagement/UserManagementImpl.java","/Users/andreseidenglanz/code/seminar/MediaStore3/Implementation/mediastore.basic/src/edu/kit/ipd/sdq/mediastore/basic/data/CurrentUser.java",3,2,2
"/Users/andreseidenglanz/code/seminar/MediaStore3/Implementation/mediastore.ejb.usermanagement/ejbModule/edu/kit/ipd/sdq/mediastore/ejb/usermanagement/UserManagementImpl.java","/Users/andreseidenglanz/code/seminar/MediaStore3/Implementation/mediastore.basic/src/edu/kit/ipd/sdq/mediastore/basic/data/UserRegData.java",3,2,3
"/Users/andreseidenglanz/code/seminar/MediaStore3/Implementation/mediastore.ejb.usermanagement/ejbModule/edu/kit/ipd/sdq/mediastore/ejb/usermanagement/UserManagementImpl.java","/Users/andreseidenglanz/code/seminar/MediaStore3/Implementation/mediastore.basic/src/edu/kit/ipd/sdq/mediastore/basic/exceptions/BadLoginDataException.java",4,2,2
"/Users/andreseidenglanz/code/seminar/MediaStore3/Implementation/mediastore.ejb.usermanagement/ejbModule/edu/kit/ipd/sdq/mediastore/ejb/usermanagement/UserManagementImpl.java","/Users/andreseidenglanz/code/seminar/MediaStore3/Implementation/mediastore.basic/src/edu/kit/ipd/sdq/mediastore/basic/exceptions/UserAlreadyExistsException.java",2,2,1
"/Users/andreseidenglanz/code/seminar/MediaStore3/Implementation/mediastore.ejb.usermanagement/ejbModule/edu/kit/ipd/sdq/mediastore/ejb/usermanagement/UserManagementImpl.java","/Users/andreseidenglanz/code/seminar/MediaStore3/Implementation/mediastore.basic/src/edu/kit/ipd/sdq/mediastore/basic/interfaces/IUserDBAdapter.java",4,4,3
"/Users/andreseidenglanz/code/seminar/MediaStore3/Implementation/mediastore.ejb.usermanagement/ejbModule/edu/kit/ipd/sdq/mediastore/ejb/usermanagement/UserManagementImpl.java","/Users/andreseidenglanz/code/seminar/MediaStore3/Implementation/mediastore.basic/src/edu/kit/ipd/sdq/mediastore/basic/interfaces/IUserManagementLocal.java",2,2,1
"/Users/andreseidenglanz/code/seminar/MediaStore3/Implementation/mediastore.ejb.usermanagement/ejbModule/edu/kit/ipd/sdq/mediastore/ejb/usermanagement/UserManagementImpl.java","/Users/andreseidenglanz/code/seminar/MediaStore3/Implementation/mediastore.basic/src/edu/kit/ipd/sdq/mediastore/basic/interfaces/IUserManagementRemote.java",2,2,1
"/Users/andreseidenglanz/code/seminar/MediaStore3/Implementation/mediastore.ejb.usermanagement/ejbModule/edu/kit/ipd/sdq/mediastore/ejb/usermanagement/UserManagementImpl.java","/Users/andreseidenglanz/code/seminar/MediaStore3/Implementation/mediastore.ejb.usermanagement/ejbModule/edu/kit/ipd/sdq/mediastore/ejb/usermanagement/SecurityUtil.java",2,2,2
"/Users/andreseidenglanz/code/seminar/MediaStore3/Implementation/mediastore.web/src/edu/kit/ipd/sdq/mediastore/web/beans/DownloadBean.java","/Users/andreseidenglanz/code/seminar/MediaStore3/Implementation/mediastore.basic/src/edu/kit/ipd/sdq/mediastore/basic/data/AudioFileInfo.java",9,7,4
"/Users/andreseidenglanz/code/seminar/MediaStore3/Implementation/mediastore.web/src/edu/kit/ipd/sdq/mediastore/web/beans/DownloadBean.java","/Users/andreseidenglanz/code/seminar/MediaStore3/Implementation/mediastore.basic/src/edu/kit/ipd/sdq/mediastore/basic/data/CurrentUser.java",1,1,1
"/Users/andreseidenglanz/code/seminar/MediaStore3/Implementation/mediastore.web/src/edu/kit/ipd/sdq/mediastore/web/beans/DownloadBean.java","/Users/andreseidenglanz/code/seminar/MediaStore3/Implementation/mediastore.basic/src/edu/kit/ipd/sdq/mediastore/basic/data/FileContent.java",2,2,2
"/Users/andreseidenglanz/code/seminar/MediaStore3/Implementation/mediastore.web/src/edu/kit/ipd/sdq/mediastore/web/beans/DownloadBean.java","/Users/andreseidenglanz/code/seminar/MediaStore3/Implementation/mediastore.basic/src/edu/kit/ipd/sdq/mediastore/basic/data/FileContentLocal.java",3,2,2
"/Users/andreseidenglanz/code/seminar/MediaStore3/Implementation/mediastore.web/src/edu/kit/ipd/sdq/mediastore/web/beans/DownloadBean.java","/Users/andreseidenglanz/code/seminar/MediaStore3/Implementation/mediastore.basic/src/edu/kit/ipd/sdq/mediastore/basic/data/FileContentRemote.java",3,2,2
"/Users/andreseidenglanz/code/seminar/MediaStore3/Implementation/mediastore.web/src/edu/kit/ipd/sdq/mediastore/web/beans/DownloadBean.java","/Users/andreseidenglanz/code/seminar/MediaStore3/Implementation/mediastore.basic/src/edu/kit/ipd/sdq/mediastore/basic/exceptions/FailedDownloadException.java",1,1,1
"/Users/andreseidenglanz/code/seminar/MediaStore3/Implementation/mediastore.web/src/edu/kit/ipd/sdq/mediastore/web/beans/DownloadBean.java","/Users/andreseidenglanz/code/seminar/MediaStore3/Implementation/mediastore.basic/src/edu/kit/ipd/sdq/mediastore/basic/interfaces/IFacade.java",4,4,3
"/Users/andreseidenglanz/code/seminar/MediaStore3/Implementation/mediastore.web/src/edu/kit/ipd/sdq/mediastore/web/beans/DownloadBean.java","/Users/andreseidenglanz/code/seminar/MediaStore3/Implementation/mediastore.web/src/edu/kit/ipd/sdq/mediastore/web/beans/SessionBean.java",3,3,2
"/Users/andreseidenglanz/code/seminar/MediaStore3/Implementation/mediastore.web/src/edu/kit/ipd/sdq/mediastore/web/beans/DownloadBean.java","/Users/andreseidenglanz/code/seminar/MediaStore3/Implementation/mediastore.web/src/edu/kit/ipd/sdq/mediastore/web/beans/WebBeanManager.java",2,2,2
"/Users/andreseidenglanz/code/seminar/MediaStore3/Implementation/mediastore.web/src/edu/kit/ipd/sdq/mediastore/web/beans/DownloadBean.java","/Users/andreseidenglanz/code/seminar/MediaStore3/Implementation/mediastore.web/src/edu/kit/ipd/sdq/mediastore/web/utils/MessageUtil.java",6,3,2
"/Users/andreseidenglanz/code/seminar/MediaStore3/Implementation/mediastore.web/src/edu/kit/ipd/sdq/mediastore/web/beans/LoginBean.java","/Users/andreseidenglanz/code/seminar/MediaStore3/Implementation/mediastore.basic/src/edu/kit/ipd/sdq/mediastore/basic/data/CurrentUser.java",1,1,1
"/Users/andreseidenglanz/code/seminar/MediaStore3/Implementation/mediastore.web/src/edu/kit/ipd/sdq/mediastore/web/beans/LoginBean.java","/Users/andreseidenglanz/code/seminar/MediaStore3/Implementation/mediastore.basic/src/edu/kit/ipd/sdq/mediastore/basic/exceptions/BadLoginDataException.java",1,1,1
"/Users/andreseidenglanz/code/seminar/MediaStore3/Implementation/mediastore.web/src/edu/kit/ipd/sdq/mediastore/web/beans/LoginBean.java","/Users/andreseidenglanz/code/seminar/MediaStore3/Implementation/mediastore.basic/src/edu/kit/ipd/sdq/mediastore/basic/interfaces/IFacade.java",1,1,1
"/Users/andreseidenglanz/code/seminar/MediaStore3/Implementation/mediastore.web/src/edu/kit/ipd/sdq/mediastore/web/beans/LoginBean.java","/Users/andreseidenglanz/code/seminar/MediaStore3/Implementation/mediastore.web/src/edu/kit/ipd/sdq/mediastore/web/beans/SessionBean.java",4,3,3
"/Users/andreseidenglanz/code/seminar/MediaStore3/Implementation/mediastore.web/src/edu/kit/ipd/sdq/mediastore/web/beans/LoginBean.java","/Users/andreseidenglanz/code/seminar/MediaStore3/Implementation/mediastore.web/src/edu/kit/ipd/sdq/mediastore/web/beans/WebBeanManager.java",1,1,1
"/Users/andreseidenglanz/code/seminar/MediaStore3/Implementation/mediastore.web/src/edu/kit/ipd/sdq/mediastore/web/beans/LoginBean.java","/Users/andreseidenglanz/code/seminar/MediaStore3/Implementation/mediastore.web/src/edu/kit/ipd/sdq/mediastore/web/utils/MessageUtil.java",3,2,2
"/Users/andreseidenglanz/code/seminar/MediaStore3/Implementation/mediastore.web/src/edu/kit/ipd/sdq/mediastore/web/beans/RegisterBean.java","/Users/andreseidenglanz/code/seminar/MediaStore3/Implementation/mediastore.basic/src/edu/kit/ipd/sdq/mediastore/basic/data/UserRegData.java",3,2,2
"/Users/andreseidenglanz/code/seminar/MediaStore3/Implementation/mediastore.web/src/edu/kit/ipd/sdq/mediastore/web/beans/RegisterBean.java","/Users/andreseidenglanz/code/seminar/MediaStore3/Implementation/mediastore.basic/src/edu/kit/ipd/sdq/mediastore/basic/exceptions/UserAlreadyExistsException.java",1,1,1
"/Users/andreseidenglanz/code/seminar/MediaStore3/Implementation/mediastore.web/src/edu/kit/ipd/sdq/mediastore/web/beans/RegisterBean.java","/Users/andreseidenglanz/code/seminar/MediaStore3/Implementation/mediastore.basic/src/edu/kit/ipd/sdq/mediastore/basic/interfaces/IFacade.java",1,1,1
"/Users/andreseidenglanz/code/seminar/MediaStore3/Implementation/mediastore.web/src/edu/kit/ipd/sdq/mediastore/web/beans/RegisterBean.java","/Users/andreseidenglanz/code/seminar/MediaStore3/Implementation/mediastore.web/src/edu/kit/ipd/sdq/mediastore/web/beans/WebBeanManager.java",1,1,1
"/Users/andreseidenglanz/code/seminar/MediaStore3/Implementation/mediastore.web/src/edu/kit/ipd/sdq/mediastore/web/beans/RegisterBean.java","/Users/andreseidenglanz/code/seminar/MediaStore3/Implementation/mediastore.web/src/edu/kit/ipd/sdq/mediastore/web/utils/MessageUtil.java",3,2,2
"/Users/andreseidenglanz/code/seminar/MediaStore3/Implementation/mediastore.web/src/edu/kit/ipd/sdq/mediastore/web/beans/SessionBean.java","/Users/andreseidenglanz/code/seminar/MediaStore3/Implementation/mediastore.basic/src/edu/kit/ipd/sdq/mediastore/basic/data/CurrentUser.java",3,3,1
"/Users/andreseidenglanz/code/seminar/MediaStore3/Implementation/mediastore.web/src/edu/kit/ipd/sdq/mediastore/web/beans/UploadBean.java","/Users/andreseidenglanz/code/seminar/MediaStore3/Implementation/mediastore.basic/src/edu/kit/ipd/sdq/mediastore/basic/data/AudioFile.java",6,2,4
"/Users/andreseidenglanz/code/seminar/MediaStore3/Implementation/mediastore.web/src/edu/kit/ipd/sdq/mediastore/web/beans/UploadBean.java","/Users/andreseidenglanz/code/seminar/MediaStore3/Implementation/mediastore.basic/src/edu/kit/ipd/sdq/mediastore/basic/data/AudioFileInfo.java",4,2,3
"/Users/andreseidenglanz/code/seminar/MediaStore3/Implementation/mediastore.web/src/edu/kit/ipd/sdq/mediastore/web/beans/UploadBean.java","/Users/andreseidenglanz/code/seminar/MediaStore3/Implementation/mediastore.basic/src/edu/kit/ipd/sdq/mediastore/basic/data/CurrentUser.java",4,1,4
"/Users/andreseidenglanz/code/seminar/MediaStore3/Implementation/mediastore.web/src/edu/kit/ipd/sdq/mediastore/web/beans/UploadBean.java","/Users/andreseidenglanz/code/seminar/MediaStore3/Implementation/mediastore.basic/src/edu/kit/ipd/sdq/mediastore/basic/data/FileContentLocal.java",3,2,2
"/Users/andreseidenglanz/code/seminar/MediaStore3/Implementation/mediastore.web/src/edu/kit/ipd/sdq/mediastore/web/beans/UploadBean.java","/Users/andreseidenglanz/code/seminar/MediaStore3/Implementation/mediastore.basic/src/edu/kit/ipd/sdq/mediastore/basic/data/FileContentRemote.java",3,2,2
"/Users/andreseidenglanz/code/seminar/MediaStore3/Implementation/mediastore.web/src/edu/kit/ipd/sdq/mediastore/web/beans/UploadBean.java","/Users/andreseidenglanz/code/seminar/MediaStore3/Implementation/mediastore.basic/src/edu/kit/ipd/sdq/mediastore/basic/exceptions/FailedUploadException.java",1,1,1
"/Users/andreseidenglanz/code/seminar/MediaStore3/Implementation/mediastore.web/src/edu/kit/ipd/sdq/mediastore/web/beans/UploadBean.java","/Users/andreseidenglanz/code/seminar/MediaStore3/Implementation/mediastore.basic/src/edu/kit/ipd/sdq/mediastore/basic/interfaces/IFacade.java",3,3,2
"/Users/andreseidenglanz/code/seminar/MediaStore3/Implementation/mediastore.web/src/edu/kit/ipd/sdq/mediastore/web/beans/UploadBean.java","/Users/andreseidenglanz/code/seminar/MediaStore3/Implementation/mediastore.basic/src/edu/kit/ipd/sdq/mediastore/basic/utils/FSUtil.java",2,2,2
"/Users/andreseidenglanz/code/seminar/MediaStore3/Implementation/mediastore.web/src/edu/kit/ipd/sdq/mediastore/web/beans/UploadBean.java","/Users/andreseidenglanz/code/seminar/MediaStore3/Implementation/mediastore.web/src/edu/kit/ipd/sdq/mediastore/web/beans/DownloadBean.java",3,3,2
"/Users/andreseidenglanz/code/seminar/MediaStore3/Implementation/mediastore.web/src/edu/kit/ipd/sdq/mediastore/web/beans/UploadBean.java","/Users/andreseidenglanz/code/seminar/MediaStore3/Implementation/mediastore.web/src/edu/kit/ipd/sdq/mediastore/web/beans/SessionBean.java",6,3,2
"/Users/andreseidenglanz/code/seminar/MediaStore3/Implementation/mediastore.web/src/edu/kit/ipd/sdq/mediastore/web/beans/UploadBean.java","/Users/andreseidenglanz/code/seminar/MediaStore3/Implementation/mediastore.web/src/edu/kit/ipd/sdq/mediastore/web/beans/WebBeanManager.java",2,2,2
"/Users/andreseidenglanz/code/seminar/MediaStore3/Implementation/mediastore.web/src/edu/kit/ipd/sdq/mediastore/web/beans/UploadBean.java","/Users/andreseidenglanz/code/seminar/MediaStore3/Implementation/mediastore.web/src/edu/kit/ipd/sdq/mediastore/web/utils/MessageUtil.java",5,2,3
"/Users/andreseidenglanz/code/seminar/MediaStore3/Implementation/mediastore.web/src/edu/kit/ipd/sdq/mediastore/web/beans/WebBeanManager.java","/Users/andreseidenglanz/code/seminar/MediaStore3/Implementation/mediastore.basic/src/edu/kit/ipd/sdq/mediastore/basic/BaseEJB.java",6,5,5
"/Users/andreseidenglanz/code/seminar/MediaStore3/Implementation/mediastore.web/src/edu/kit/ipd/sdq/mediastore/web/beans/WebBeanManager.java","/Users/andreseidenglanz/code/seminar/MediaStore3/Implementation/mediastore.basic/src/edu/kit/ipd/sdq/mediastore/basic/interfaces/IBusinessInterface.java",3,3,1
"/Users/andreseidenglanz/code/seminar/MediaStore3/Implementation/mediastore.web/src/edu/kit/ipd/sdq/mediastore/web/filters/MainFilter.java","/Users/andreseidenglanz/code/seminar/MediaStore3/Implementation/mediastore.web/src/edu/kit/ipd/sdq/mediastore/web/beans/SessionBean.java",3,2,2
